<?xml version="1.0" encoding="UTF-8" standalone="no"?>
<!--iDempiere(r) Release 8.2_2020-12-20 -Smart Suite ERP, CRM and SCM- (c) 1999-2021 iDempiere(r); Implementation: iDempiere - Supported by iDempiere community--><!--<!DOCTYPE idempiereTrl PUBLIC "-//ComPiere, Inc.//DTD iDempiere Translation 1.0//EN" "http://www.idempiere.com/dtd/idempiereTrl.dtd">--><idempiereTrl language="uk_UA" table="AD_Field">
 <row id="1546" trl="Y">
  <value column="Name" original="Link Column">Link-Spalte</value>
  <value column="Description" original="Link Column for Multi-Parent tables">Link-Spalte bei mehreren übergeordneten Tabellen</value>
  <value column="Help" original="The Link Column indicates which column is the primary key for those situations where there is more than one parent.  Only define it, if the table has more than one parent column (e.g. AD_User_Roles).">Die "Link-Spalte" zeigt an, welche Spalte zur Verknüpfung verwendet werden muss, wenn mehr als eine übergeordnete Tabelle existiert. Legen Sie diese nur dann fest, wenn eine Tabelle mehr als eine übergeordnete Spalte hat (z.B. AD_User_Roles).</value>
  <value column="Placeholder" original=""/>
 </row>
 <row id="2124" trl="Y">
  <value column="Name" original="Language">Sprache</value>
  <value column="Description" original="Language for this Business Partner if Multi-Language enabled">Die Sprache für den Контрагент, wenn Mehrsprachigkeit aktiviert wurde.</value>
  <value column="Help" original="The Language identifies the language to use for display and formatting documents. It requires, that on Client level, Multi-Lingual documents are selected and that you have created/loaded the language.">Die Sprache identifiziert die für die Darstellung und Formatierung von Документen zu verwendende Sprache. Voraussetzung ist, dass auf Mandantenebene mehrsprachige Документe aktiviert sind und dass die Sprache erzeugt und geladen ist.</value>
  <value column="Placeholder" original=""/>
 </row>
 <row id="3665" trl="Y">
  <value column="Name" original="Start Node">Startknoten</value>
  <value column="Description" original="Workflow Node, step or process">Робочий процес-Knoten, -schritt oder -prozess</value>
  <value column="Help" original="The Workflow Node indicates a unique step or process in a Workflow.">Ein Робочий процес-Knoten ist ein einzelner Schritt oder Prozess in einem Робочий процес.</value>
  <value column="Placeholder" original=""/>
 </row>
 <row id="4055" trl="Y">
  <value column="Name" original="Tax Amount">Податокbetrag</value>
  <value column="Description" original="Tax Amount for Credit Card transaction">Der Податокbetrag für Kreditkartentransaktionen.</value>
  <value column="Help" original="The Tax Amount displays the total tax amount. The tax amount is only used for credit card processing.">Der "Податокbetrag" zeigt den Gesamtsteuerbetrag an. Der Податокbetrag wird nur für die Bearbeitung von Kreditkartentransaktionen verwendet.</value>
  <value column="Placeholder" original=""/>
 </row>
 <row id="4121" trl="N">
  <value column="Name" original="Account Conversion Date">Account Conversion Date</value>
  <value column="Description" original="Accounting Conversion Date">Accounting Conversion Date</value>
  <value column="Help" original="The Accounting Date indicates the date to be used on the General Ledger account entries generated from this document. It is also used for any currency conversion.&#10;The Accounting Date on Bank/Cash Statement Line is used for currency conversion and reporting purposes, the accounting is posted using the header date account.">The Accounting Date indicates the date to be used on the General Ledger account entries generated from this document. It is also used for any currency conversion.
The Accounting Date on Банк/Cash Statement Line is used for currency conversion and reporting purposes, the accounting is posted using the header date account.</value>
  <value column="Placeholder" original=""/>
 </row>
 <row id="4462" trl="Y">
  <value column="Name" original="Business Партнер / Sales Rep">Контрагент/Продажіsbeauftragter</value>
  <value column="Description" original="Identifies a Business Partner (Sales Rep) receiving the Commission">Zeigt einen Контрагент (Продажіsbeauftragten) an, der Provision erhält.</value>
  <value column="Help" original="The Business Partner should be a vendor and may be a Sales Representative">Dieser "Контрагент" ist ein Постачальник sein und darf ein Продажіsbeauftragter sein.</value>
  <value column="Placeholder" original=""/>
 </row>
 <row id="4725" trl="Y">
  <value column="Name" original="Acknowledge">Bestätigen</value>
  <value column="Description" original="System Notice acknowledged">Systemmeldung bestätigt</value>
  <value column="Help" original="The Acknowledged checkbox indicates if this notice does not need to be retained.">Wurde das Optionsfeld "Bestätigt" aktiviert, kann die Nachricht gelöscht werden.</value>
  <value column="Placeholder" original=""/>
 </row>
 <row id="5092" trl="Y">
  <value column="Name" original="Driving Column">Податокspalte</value>
  <value column="Description" original="Column which controls all tabs in the workbench">Spalte die alle Register der Workbench steuert</value>
  <value column="Help" original=""/>
  <value column="Placeholder" original=""/>
 </row>
 <row id="5899" trl="Y">
  <value column="Name" original="System Name">Systemname</value>
  <value column="Description" original="Name your iDempiere System installation, e.g. Joe Block, Inc.">Benennen Sie Ihre iDempiere Installation, z.B. Joe Block GmbH</value>
  <value column="Help" original="The name if the system to differentiate support contracts">Der Name - falls das System Supportverträge unterscheidet</value>
  <value column="Placeholder" original=""/>
 </row>
 <row id="6344" trl="Y">
  <value column="Name" original="Attribute Set Instance">Attributsatzinstanz</value>
  <value column="Description" original="Product Attribute Values">Werte Artikelattribut</value>
  <value column="Help" original="The values of the actual Product Attributes. Product Instance attributes are defined in the actual transactions.">Die Werte eines tatsächlichen Artikelattributs. Die Instanzen der Artikelattribute werden in den tatsächlichen Transaktionen festgelegt.</value>
  <value column="Placeholder" original=""/>
 </row>
 <row id="8985" trl="Y">
  <value column="Name" original="Document No">Документnr.</value>
  <value column="Description" original="Document sequence number of the document">Die Nummer des Документs im Nummernkreis</value>
  <value column="Help" original="The document number is usually automatically generated by the system and determined by the document type of the document. If the document is not saved, the preliminary number is displayed in &quot;&lt;&gt;&quot;.&#10;&#10;If the document type of your document has no automatic document sequence defined, the field is empty if you create a new document. This is for documents which usually have an external number (like vendor invoice).  If you leave the field empty, the system will generate a document number for you. The document sequence used for this fallback number is defined in the &quot;Maintain Sequence&quot; window with the name &quot;DocumentNo_&lt;TableName&gt;&quot;, where TableName is the actual name of the table (e.g. C_Order)." xml:space="preserve"><![CDATA[Die Документnummer wird normalerweise vom System automatisch generiert und bestimmt den Документtyp. Bei nicht gespeicherten Документen wird eine vorläufige Nummer in "<>" angezeigt.

Falls der Документtyp des Документs keine automatische Документnummernkreis definiert hat, bleibt das Feld bei neu erstellten Документen leer. Das ist für Документe die normalerweise eine externe Документnummer besitzen, wie etwa die Eingangsrechnung eines Постачальникen. Wenn Sie das Feld leer lassen, wird durch das System eine Документnummer erzeugt. Der für diese Документnummer verwendete Документnummernkreis wird im Fenster "Nummernkreis verwalten" mit dem Namen "DocumentNo_<TableName>" definiert. TableName ist dabei der tatsächliche Name der Tabelle (z.B. C_Order).]]></value>
  <value column="Placeholder" original=""/>
 </row>
 <row id="9615" trl="Y">
  <value column="Name" original="Representative/Agent">Клієнтnbetreuer</value>
  <value column="Description" original="Sales Representative or Company Agent">Продажіsbeauftragter oder Firmenvertreter</value>
  <value column="Help" original="The Sales Representative indicates the Sales Rep for this Region.  Any Sales Rep must be a valid internal user.">Das Feld "Клієнтnbetreuer" zeigt den für eine Region zuständigen Firmenvertreter oder  Продажіsbeauftragten an. Jeder Продажіsbeauftragte muss ein intern gültiger Користувач sein.</value>
  <value column="Placeholder" original=""/>
 </row>
 <row id="10089" trl="Y">
  <value column="Name" original="Wait Time">Wartezeit</value>
  <value column="Description" original="Time in minutes to wait (sleep)">Wartezeit in Minuten</value>
  <value column="Help" original="Time in minutes to be suspended (sleep).  A value of -1 means to wait and execute after the commit of the workflow transaction.">Zeit in Minuten, für die der Робочий процес schlafen gelegt wird. Ein Wert von -1 legt den Робочий процес bis zum Commit seiner aktuellen Transaktion schlafen und startet ihn danach sofort wieder.</value>
  <value column="Placeholder" original=""/>
 </row>
 <row id="10097" trl="Y">
  <value column="Name" original="Value">Wert</value>
  <value column="Description" original="Condition Value">Bedingung Wert</value>
  <value column="Help" original=""/>
  <value column="Placeholder" original=""/>
 </row>
 <row id="10769" trl="N">
  <value column="Name" original="Schema Type">Schema Type</value>
  <value column="Description" original="Type of trade schema calculation">Type of trade schema calculation</value>
  <value column="Help" original="Type of procedure used to calculate the trade schema percentage">Type of procedure used to calculate the trade schema percentage</value>
  <value column="Placeholder" original=""/>
 </row>
 <row id="10886" trl="Y">
  <value column="Name" original="Overwrite Project">Проєкт überschreiben</value>
  <value column="Description" original="Overwrite the account segment Project with the value specified">Überschreiben Sie das Kontensegment "Проєкт" mit einem bestimmten Wert.</value>
  <value column="Help" original="If not overwritten, the value of the original account combination is used. If selected, but not specified, the segment is set to null.">Wenn das Segment nicht überschrieben wird, wird der Ursprungswert der Kontenkombination verwendet. Wenn das Segment ausgewählt, aber nicht spezifiziert wurde wird es auf 0 gesetzt.</value>
  <value column="Placeholder" original=""/>
 </row>
 <row id="11264" trl="N">
  <value column="Name" original="Column SQL">Column SQL</value>
  <value column="Description" original="Virtual Column (r/o)">Virtual Column (r/o)</value>
  <value column="Help" original="You can define virtual columns (not stored in the database). If defined, the Column name is the synonym of the SQL expression defined here. The SQL expression must be valid.&lt;br&gt;&#10;Example: &quot;Updated-Created&quot; would list the age of the entry in days.&lt;br&gt;&#10;It is not recommended to add complex queries in virtual columns as the impact on the database performance can be too expensive.&lt;br&gt;&#10;However, you can use the prefix @SQLFIND= for virtual columns that can be used for queries and reports, they have less impact on the database, but as a field they don't show values.&lt;br&gt;&#10;Additionally, the prefix @SQL= allows to define a virtual UI column, this is calculated on the fly and can use context variables in the query, virtual UI columns are shown in grid just on the current row, they are not searchable, and not shown in reports." xml:space="preserve"><![CDATA[You can define virtual columns (not stored in the database). If defined, the Column name is the synonym of the SQL expression defined here. The SQL expression must be valid.<br>
Example: "Updated-Created" would list the age of the entry in days.<br>
It is not recommended to add complex queries in virtual columns as the impact on the database performance can be too expensive.<br>
However, you can use the prefix @SQLFIND= for virtual columns that can be used for queries and reports, they have less impact on the database, but as a field they don't show values.<br>
Additionally, the prefix @SQL= allows to define a virtual UI column, this is calculated on the fly and can use context variables in the query, virtual UI columns are shown in grid just on the current row, they are not searchable, and not shown in reports.]]></value>
  <value column="Placeholder" original=""/>
 </row>
 <row id="11799" trl="Y">
  <value column="Name" original="Attribute Set Instance">Attributsatzinstanz</value>
  <value column="Description" original="Product Attribute Values">Werte Artikelattribut</value>
  <value column="Help" original="The values of the actual Product Attributes. Product Instance attributes are defined in the actual transactions.">Die Werte eines tatsächlichen Artikelattributs. Die Instanzen der Artikelattribute werden in den tatsächlichen Transaktionen festgelegt.</value>
  <value column="Placeholder" original=""/>
 </row>
 <row id="12249" trl="N">
  <value column="Name" original="Validation code">Validation code</value>
  <value column="Description" original="Validation Code">Validation Code</value>
  <value column="Help" original="The Validation Code displays the date, time and message of the error.&#10;&#10;You can add advanced SQL queries to your searches by filling this field with @SQL=[WHERE CLAUSE].&#10;Do not include the WHERE statement and use Fully qualified SQL statements. F.e:&#10;&#10;@SQL=C_Order.isActive='Y' AND SalesRep_ID=@AD_User_ID@ &#10;&#10;will filter orders by active and where the sales representative is the current user.">The Validation Code displays the date, time and message of the error.

You can add advanced SQL queries to your searches by filling this field with @SQL=[WHERE CLAUSE].
Do not include the WHERE statement and use Fully qualified SQL statements. F.e:

@SQL=C_Order.isActive='Y' AND SalesRep_ID=@AD_User_ID@ 

will filter orders by active and where the sales representative is the current user.</value>
  <value column="Placeholder" original=""/>
 </row>
 <row id="12732" trl="Y">
  <value column="Name" original="Language">Sprache</value>
  <value column="Description" original="Language for this Business Partner if Multi-Language enabled">Die Sprache für den Контрагент, wenn Mehrsprachigkeit aktiviert wurde.</value>
  <value column="Help" original="The Language identifies the language to use for display and formatting documents. It requires, that on Client level, Multi-Lingual documents are selected and that you have created/loaded the language.">Die Sprache identifiziert die für die Darstellung und Formatierung von Документen zu verwendende Sprache. Voraussetzung ist, dass auf Mandantenebene mehrsprachige Документe aktiviert sind und dass die Sprache erzeugt und geladen ist.</value>
  <value column="Placeholder" original=""/>
 </row>
 <row id="13179" trl="Y">
  <value column="Name" original="UserName">Користувачname</value>
  <value column="Description" original="UserName / Login to use for login">Користувачname/Login für die Anmeldung</value>
  <value column="Help" original="UserName / Login to use for the login&#10;Email of the responsible person for the system (registered in WebStore)">Користувачname/Login für die Anmeldung
E-Mail der für das System verantwortlichen Person (im Webshop registriert)</value>
  <value column="Placeholder" original=""/>
 </row>
 <row id="13424" trl="Y">
  <value column="Name" original="Mandatory Overwrite">Überschreiben erforderlich</value>
  <value column="Description" original="Overwrite Field Mandatory status">Pflichtfeldstatus überschreiben</value>
  <value column="Help" original="The field must have a value for the record to be saved to the database.">Es muss ein Wert eingetragen werden, damit der Eintrag in der Datenbank gespeichert werden kann.</value>
  <value column="Placeholder" original=""/>
 </row>
 <row id="13425" trl="Y">
  <value column="Name" original="Reference Overwrite">Referenz überschreiben</value>
  <value column="Description" original="System Reference - optional Overwrite">Systemreferenz - optional überschreiben.</value>
  <value column="Help" original="You can overwrite the Display Type, but only use this if you aware of the consequences.">Sie können den Anzeigetyp überschreiben, aber tun Sie dies nur wenn Sie sich über die Konsequenzen im Klaren sind!</value>
  <value column="Placeholder" original=""/>
 </row>
 <row id="13755" trl="Y">
  <value column="Name" original="Search Key">Suchschlüssel</value>
  <value column="Description" original="Search key for the record in the format required">Suchschlüssel für den Datensatz im benötigten Format</value>
  <value column="Help" original="7 bit lower case alpha numeric - max length 8 - can be used for operating system names.">7-bit alphanumerisch in Kleinbuchstaben - 8 Zeichen Maximallänge - kann für Betriebssystemnamen verwendet werden.</value>
  <value column="Placeholder" original=""/>
 </row>
 <row id="50066" trl="Y">
  <value column="Name" original="AD_Package_Exp_ID">AD_Package_Exp_ID</value>
  <value column="Description" original=""/>
  <value column="Help" original=""/>
  <value column="Placeholder" original=""/>
 </row>
 <row id="50067" trl="Y">
  <value column="Name" original="Processed">Verarbeitet</value>
  <value column="Description" original=""/>
  <value column="Help" original=""/>
  <value column="Placeholder" original=""/>
 </row>
 <row id="50068" trl="Y">
  <value column="Name" original="IsActive">Ist aktiv</value>
  <value column="Description" original=""/>
  <value column="Help" original=""/>
  <value column="Placeholder" original=""/>
 </row>
 <row id="50069" trl="Y">
  <value column="Name" original="Client">Mandant</value>
  <value column="Description" original=""/>
  <value column="Help" original=""/>
  <value column="Placeholder" original=""/>
 </row>
 <row id="50070" trl="Y">
  <value column="Name" original="Organization">Організація</value>
  <value column="Description" original=""/>
  <value column="Help" original=""/>
  <value column="Placeholder" original=""/>
 </row>
 <row id="50071" trl="Y">
  <value column="Name" original="Name of Package">Name des Pakets</value>
  <value column="Description" original="Name of Package">Name des Pakets</value>
  <value column="Help" original=""/>
  <value column="Placeholder" original=""/>
 </row>
 <row id="50075" trl="Y">
  <value column="Name" original="Creation Directory">Erstellungsverzeichnis</value>
  <value column="Description" original=""/>
  <value column="Help" original=""/>
  <value column="Placeholder" original=""/>
 </row>
 <row id="50076" trl="Y">
  <value column="Name" original="Created By">Erstellt durch</value>
  <value column="Description" original="User who created the package">Користувач der das Paket erstellt hat</value>
  <value column="Help" original=""/>
  <value column="Placeholder" original=""/>
 </row>
 <row id="50077" trl="Y">
  <value column="Name" original="Create Date">Erstellungsdatum</value>
  <value column="Description" original="Date when Package was created">Datum an dem das Paket erstellt wurde</value>
  <value column="Help" original=""/>
  <value column="Placeholder" original=""/>
 </row>
 <row id="50080" trl="Y">
  <value column="Name" original="Processed By">Verarbeitet durch</value>
  <value column="Description" original="User who Processed the package">Користувач der das Paket verarbeitet hat</value>
  <value column="Help" original=""/>
  <value column="Placeholder" original=""/>
 </row>
 <row id="50081" trl="Y">
  <value column="Name" original="Processed Date">Verarbeitungsdatum</value>
  <value column="Description" original="Date when the package was processed">Datum an dem das Paket verarbeitet wurde</value>
  <value column="Help" original=""/>
  <value column="Placeholder" original=""/>
 </row>
 <row id="50082" trl="Y">
  <value column="Name" original="Description of Package">Beschreibung des Pakets</value>
  <value column="Description" original=""/>
  <value column="Help" original=""/>
  <value column="Placeholder" original=""/>
 </row>
 <row id="50085" trl="Y">
  <value column="Name" original="Експорт Package">Paket exportieren</value>
  <value column="Description" original=""/>
  <value column="Help" original=""/>
  <value column="Placeholder" original=""/>
 </row>
 <row id="50086" trl="Y">
  <value column="Name" original="AD_Package_Exp_Detail_ID">AD_Package_Exp_Detail_ID</value>
  <value column="Description" original=""/>
  <value column="Help" original=""/>
  <value column="Placeholder" original=""/>
 </row>
 <row id="50087" trl="Y">
  <value column="Name" original="Item Name">Elementname</value>
  <value column="Description" original=""/>
  <value column="Help" original=""/>
  <value column="Placeholder" original=""/>
 </row>
 <row id="50088" trl="Y">
  <value column="Name" original="Processing">In Bearbeitung</value>
  <value column="Description" original=""/>
  <value column="Help" original=""/>
  <value column="Placeholder" original=""/>
 </row>
 <row id="50089" trl="Y">
  <value column="Name" original="IsActive">Ist aktiv</value>
  <value column="Description" original=""/>
  <value column="Help" original=""/>
  <value column="Placeholder" original=""/>
 </row>
 <row id="50090" trl="Y">
  <value column="Name" original="Processed">Verarbeitet</value>
  <value column="Description" original=""/>
  <value column="Help" original=""/>
  <value column="Placeholder" original=""/>
 </row>
 <row id="50091" trl="Y">
  <value column="Name" original="Package Build ID">ID der Paketerstellung</value>
  <value column="Description" original=""/>
  <value column="Help" original=""/>
  <value column="Placeholder" original=""/>
 </row>
 <row id="50092" trl="Y">
  <value column="Name" original="Client">Mandant</value>
  <value column="Description" original=""/>
  <value column="Help" original=""/>
  <value column="Placeholder" original=""/>
 </row>
 <row id="50093" trl="Y">
  <value column="Name" original="Organization">Організація</value>
  <value column="Description" original=""/>
  <value column="Help" original=""/>
  <value column="Placeholder" original=""/>
 </row>
 <row id="50096" trl="Y">
  <value column="Name" original="Type">Typ</value>
  <value column="Description" original=""/>
  <value column="Help" original=""/>
  <value column="Placeholder" original=""/>
 </row>
 <row id="50097" trl="Y">
  <value column="Name" original="Menu">Menü</value>
  <value column="Description" original=""/>
  <value column="Help" original=""/>
  <value column="Placeholder" original=""/>
 </row>
 <row id="50099" trl="Y">
  <value column="Name" original="Source File Directory">Verzeichnis der Quelldatei</value>
  <value column="Description" original="Current location of source file">Aktueller Pfad der Quelldatei</value>
  <value column="Help" original=""/>
  <value column="Placeholder" original=""/>
 </row>
 <row id="50103" trl="Y">
  <value column="Name" original="Table">Tabelle</value>
  <value column="Description" original=""/>
  <value column="Help" original=""/>
  <value column="Placeholder" original=""/>
 </row>
 <row id="50108" trl="Y">
  <value column="Name" original="Form">Formular</value>
  <value column="Description" original=""/>
  <value column="Help" original=""/>
  <value column="Placeholder" original=""/>
 </row>
 <row id="50109" trl="Y">
  <value column="Name" original="Process">Prozess</value>
  <value column="Description" original=""/>
  <value column="Help" original=""/>
  <value column="Placeholder" original=""/>
 </row>
 <row id="50110" trl="Y">
  <value column="Name" original="Робочий процес">Робочий процес</value>
  <value column="Description" original=""/>
  <value column="Help" original=""/>
  <value column="Placeholder" original=""/>
 </row>
 <row id="50112" trl="Y">
  <value column="Name" original="Workbench">Workbench</value>
  <value column="Description" original=""/>
  <value column="Help" original=""/>
  <value column="Placeholder" original=""/>
 </row>
 <row id="50117" trl="Y">
  <value column="Name" original="Notes">Anmerkungen</value>
  <value column="Description" original=""/>
  <value column="Help" original=""/>
  <value column="Placeholder" original=""/>
 </row>
 <row id="50166" trl="N">
  <value column="Name" original="Configured Value">Configured Value</value>
  <value column="Description" original="Value for the configuration key">Value for the configuration key</value>
  <value column="Help" original="You can check the valid variables and values at http://wiki.idempiere.org/en/System_Configurator_(Window_ID-50006)">You can check the valid variables and values at http://wiki.idempiere.org/en/System_Configurator_(Window_ID-50006)</value>
  <value column="Placeholder" original=""/>
 </row>
 <row id="53360" trl="Y">
  <value column="Name" original="Value">Wert</value>
  <value column="Description" original="Condition Value">Bedingung Wert</value>
  <value column="Help" original=""/>
  <value column="Placeholder" original=""/>
 </row>
 <row id="53375" trl="Y">
  <value column="Name" original="Resource">Ressource</value>
  <value column="Description" original="Resource">Ressource</value>
  <value column="Help" original="Select the manufacturing resource (previously defined) where you want to execute the operation. For the product costing, the Resource rate is taken from the cost element introduced in the window Product Costing.">Wählen Sie die (zuvor festgelegte) Fertigungsressource dort, wo der Операція ausgeführt werden soll. Für die Artikelkostenrechnung, wird die Ресурсиrate des Витратиelements verwendet, die im Fenster "Artikelkostenrechnung" ausgewählt wurde.</value>
  <value column="Placeholder" original=""/>
 </row>
 <row id="53378" trl="Y">
  <value column="Name" original="Business Партнер ">Контрагент</value>
  <value column="Description" original="Identifies a Business Partner to Subcontrating">Kennzeichnet einen Контрагент als Subunternehmer</value>
  <value column="Help" original="A Business Partner is anyone with whom you transact.  This can include Vendor, Customer, Employee or Salesperson">Ein "Контрагент" ist jemand, mit dem Sie interagieren. Контрагент können z.B. Постачальникen, Клієнтn, Mitarbeiter oder Handelsvertreter sein.</value>
  <value column="Placeholder" original=""/>
 </row>
 <row id="53380" trl="Y">
  <value column="Name" original="Valid from">Gültig ab</value>
  <value column="Description" original="Valid from including this date (first day)">Gültig ab diesem Tag (erster Tag)</value>
  <value column="Help" original="The Valid From date indicates the first day of a date range.&#10;When you enter dates in the fields Valid From - To we give the the period of time where this operation will have to be considered for the elaboration of the product.">Das Gültig ab Datum zeigt den ersten Tag eines Datumsbereichs.
Wenn Sie Datumswerte in die Felder Gültig ab - bis eingeben, ermitteln wir die Zeitspanne in der diese Operation zur Artikelerstellung eingeplant werden sollte.</value>
  <value column="Placeholder" original=""/>
 </row>
 <row id="53381" trl="Y">
  <value column="Name" original="Valid to">Gültig bis</value>
  <value column="Description" original="Valid to including this date (last day)">Gültig bis zu diesem Tag (letzter Tag)</value>
  <value column="Help" original="The Valid To date indicates the last day of a date range&#10;When you enter dates in the fields Valid From - To we give the the period of time where this operation will have to be considered for the elaboration of the product.">Das Gültig bis Datum zeigt den letzten Tag eines Datumsbereichs.
Wenn Sie Datumswerte in die Felder Gültig ab - bis eingeben, ermitteln wir die Zeitspanne in der diese Operation zur Artikelerstellung eingeplant werden sollte.</value>
  <value column="Placeholder" original=""/>
 </row>
 <row id="53449" trl="Y">
  <value column="Name" original="Start Node">Startknoten</value>
  <value column="Description" original="Workflow Node step or process">Робочий процес-Knoten, Schritt oder Prozess</value>
  <value column="Help" original="The Workflow Node indicates a unique step or process in a Workflow.">Ein Робочий процес-Knoten ist ein einzelner Schritt oder Prozess in einem Робочий процес.</value>
  <value column="Placeholder" original=""/>
 </row>
 <row id="53480" trl="Y">
  <value column="Name" original="Copy BOM Lines From">Stücklistenpositionen kopieren aus</value>
  <value column="Description" original="Copy BOM Lines from an exising BOM">Kopieren Sie Stücklistenpositionen aus einer bestehenden Stückliste</value>
  <value column="Help" original="Copy BOM Lines from an exising BOM. The BOM being copied to, must not have any existing BOM Lines.">Kopieren Sie Stücklistenpositionen aus einer bestehenden Stückliste. Die Stückliste in die Sie kopieren, darf noch nicht über Positionen verfügen.</value>
  <value column="Placeholder" original=""/>
 </row>
 <row id="53490" trl="Y">
  <value column="Name" original="Valid from">Gültig ab</value>
  <value column="Description" original="Valid from including this date (first day)">Gültig ab diesem Tag (erster Tag)</value>
  <value column="Help" original="The Valid From date indicates the first day of a date range&#10;&#10;The Valid From and Valid To dates indicate the valid time period to use the BOM in a Manufacturing Order.">Das Gültig-ab-Datum kennzeichnet den ersten Tag eines Datumsbereichs. Die Gültig-ab und Gültig-bis Datumswerte kennzeichnen die gültige Zeitspanne in der die Stückliste für einen Arbeitsauftrag verwendet werden darf.</value>
  <value column="Placeholder" original=""/>
 </row>
 <row id="53512" trl="Y">
  <value column="Name" original="Warehouse">Склад</value>
  <value column="Description" original="Storage Warehouse and Service Point">Склад oder Сервісpoint</value>
  <value column="Help" original="The Warehouse identifies a unique Warehouse where products are stored or Services are provided.&#10;&#10;Warehouse place where you locate and control the products">Das Склад kennzeichnet ein bestimmtes Склад wo Artikel gelagert sind oder Dienstleistungen erbracht werden.</value>
  <value column="Placeholder" original=""/>
 </row>
 <row id="53513" trl="Y">
  <value column="Name" original="Resource">Ressource</value>
  <value column="Description" original="Resource">Ressource</value>
  <value column="Help" original="A manufacturing resource is a place where a product will be made.">Eine Fertigungsressource ist ein Ort an dem ein Artikel hergestellt wird.</value>
  <value column="Placeholder" original=""/>
 </row>
 <row id="53517" trl="Y">
  <value column="Name" original="BOM &amp; Formula" xml:space="preserve"><![CDATA[Stückliste & Formel]]></value>
  <value column="Description" original=""/>
  <value column="Help" original="The name BOM/Formula that you introduce in this window will be considered the default BOM to produce the product in this Organization-Plant-Warehouse. If you do not fill this field the default BOM &amp; Formula for the entity will be the BOM/Formula which has the same name as the product.">Der Name der in diesem Fenster definierte Stückliste/Formel wird als Vorgabe verwendet um den Artikel in dieser Організація/Товарionsstätte/Склад herzustellen. Falls dieses Feld nicht ausgefüllt ist, wird die Stückliste/Formel als Vorgabe verwendet, die denselben Namen hat wie der Artikel.</value>
  <value column="Placeholder" original=""/>
 </row>
 <row id="53518" trl="Y">
  <value column="Name" original="Робочий процес">Робочий процес</value>
  <value column="Description" original="Workflow or combination of tasks">Ein Робочий процес oder Kombination von Aufgaben</value>
  <value column="Help" original="The Workflow field identifies a unique Workflow in the system.&#10;&#10;The Workflow you introduce in this window will be considered the default Workflow to produce the product in this Organization-Plant-Warehouse. If you do not fill this field the defaul Workflow for the entity will be the Workflow with the same name as the product.">Das Робочий процес-Feld kennzeichnet einen spezifischen Робочий процес im System. Der in diesem Fenster angegeben Робочий процес wird als Standard-Робочий процес angesehen um den Artikel in dieser Організація/Fabrik/Склад herzustellen. Falls dieses Feld nicht ausgefüllt ist, wird als Standard-Робочий процес der Eintrag mit demselben Namen wie der Artikel verwendet.</value>
  <value column="Placeholder" original=""/>
 </row>
 <row id="53523" trl="Y">
  <value column="Name" original="Promised Delivery Time">Voraussichtliche Lieferzeit</value>
  <value column="Description" original="Promised days between order and delivery">Zugesagte Anzahl Tage zwischen Замовлення клієнта und Поставка</value>
  <value column="Help" original="The Promised Delivery Time indicates the number of days between the order date and the date that delivery was promised.&#10;&#10;You must enter the average number of days to receive the product in the warehouse since you approve the requisition or manufacturing order until you receive the material in the warehouse . If the product is bought you must register the calendar days required since you make the PO until you receive the material in the warehouse. If the product is manufactured in your plant you must register the number of working days since you release the MO until you receive the material in the warehouse.">Die voraussichtliche Lieferzeit kennzeichnet die Anzahl an Tagen zwischen dem Замовлення клієнтаsdatum und dem zugesagten Lieferdatum.Sie müssen die durchschnittliche Anzahl an Tagen angeben die benötigt wird um den Artikel im Склад zu empfangen nachdem die Bedarfsanforderung oder der Fertigungsauftrag genehmigt wurde. Falls der Artikel eingekauft wird, müssen die Календарtage angegeben werden, die zwischen der Замовлення постачальнику und dem Надходження товарів im Склад vergangen sind. Falls der Artikel in Ihrer Товарionsstätte gefertigt wird, muss die Anzahl Arbeitstage angegeben werden, die seit der Freigabe des Fertigungsauftrags und dem Materialeingang im Склад vergangen sind.</value>
  <value column="Placeholder" original=""/>
 </row>
 <row id="53533" trl="Y">
  <value column="Name" original="Working Time">Arbeitszeit</value>
  <value column="Description" original="Workflow Simulation Execution Time">Durchführungszeit einer Робочий процес-Simulation</value>
  <value column="Help" original="Amount of time the performer of the activity needs to perform the task in Duration Unit&#10;&#10;In the field Working Time you enter the accumulated time (using the Promising Delivery Time) in the critical path of the BOM for this product. It is the required time to produce the product as if you would not have any component on hand.">Durchführungszeit einer Aktivität in Zeiteinheiten. Im Feld "Arbeitszeit" geben Sie anhand der voraussichtlichen Lieferzeit die akkumulierte Zeit in den kritischen Pfad der Stückliste des Artikels ein. Das ist die zur Herstellung benötigte Zeit, wenn nicht alle Komponenten verfügbar wären.</value>
  <value column="Placeholder" original=""/>
 </row>
 <row id="53653" trl="Y">
  <value column="Name" original="Acknowledge">Bestätigen</value>
  <value column="Description" original="System Notice acknowledged">Systemmeldung bestätigt</value>
  <value column="Help" original="The Acknowledged checkbox indicates if this notice does not need to be retained.">Wurde das Optionsfeld "Bestätigt" aktiviert, kann die Nachricht gelöscht werden.</value>
  <value column="Placeholder" original=""/>
 </row>
 <row id="53742" trl="Y">
  <value column="Name" original="Accumulated Qty">Akkumulierte Menge</value>
  <value column="Description" original="Total Quantity">Gesamtmenge</value>
  <value column="Help" original="Sum of the quantities&#10;&#10;This field shows the sum of the quantities of the product that have had movements.">Summe der Mengen Dieses Feld zeit die Summe der bewegten Artikelmengen an.</value>
  <value column="Placeholder" original=""/>
 </row>
 <row id="53744" trl="Y">
  <value column="Name" original="Accumulated Amt">Kumulierter Betrag</value>
  <value column="Description" original="Total Amount">Gesamtbetrag</value>
  <value column="Help" original="Sum of all amounts&#10;&#10;This field shows the sum of the amounts of the product that have had movements.">Summe aller Beträge Dieses Feld zeigt die Summe der Beträge des Artikels das Bewegungen gehabt hat.</value>
  <value column="Placeholder" original=""/>
 </row>
 <row id="53904" trl="Y">
  <value column="Name" original="Version No">Versions-Nr.</value>
  <value column="Description" original=""/>
  <value column="Help" original=""/>
  <value column="Placeholder" original=""/>
 </row>
 <row id="54035" trl="Y">
  <value column="Name" original="Ordered Quantity">Bestellte Menge</value>
  <value column="Description" original="Ordered Quantity">Bestellte Menge</value>
  <value column="Help" original="The Ordered Quantity indicates the quantity of a product that was ordered.">Die "Замовлення клієнтаsmenge" zeigt die bestellte Menge des Artikels an.</value>
  <value column="Placeholder" original=""/>
 </row>
 <row id="54038" trl="Y">
  <value column="Name" original="Instance">Instanz</value>
  <value column="Description" original="Product Attribute Set Instance">Artikelattributsatzinstanz</value>
  <value column="Help" original="The values of the actual Product Attribute Instances.  The product level attributes are defined on Product level.">Die Werte der tatsächlichen Artikelattributinstanzen. Die Attribute einer Artikelebene werden auch auf Artikelebene festgelegt.</value>
  <value column="Placeholder" original=""/>
 </row>
 <row id="54039" trl="Y">
  <value column="Name" original="Instance To">Instanz an</value>
  <value column="Description" original="Target Product Attribute Set Instance">Zielinstanz Artikelattributsatz</value>
  <value column="Help" original=""/>
  <value column="Placeholder" original=""/>
 </row>
 <row id="54133" trl="Y">
  <value column="Name" original="Resource/Plant">Товарionsstätte/Werk</value>
  <value column="Description" original="Resource/Plant">Товарionsstätte/Werk</value>
  <value column="Help" original=""/>
  <value column="Placeholder" original=""/>
 </row>
 <row id="54139" trl="Y">
  <value column="Name" original="Date Ordered">Замовлення клієнтаsdatum</value>
  <value column="Description" original="Date of Order">Datum des Замовлення клієнтаs</value>
  <value column="Help" original="Indicates the Date an item was ordered.&#10;Date Ordered is the date when the order was generated. If the MO is created manually the default date ordered is the system date. If the MO was generated by MRP the default date ordered is the day of the MRP process.">Kennzeichnet das Datum an dem die Ware bestellt wurde. Das "Bestelldatum" ist das Datum der Замовлення клієнтаserzeugung. Wird der AA manuell erzeugt, wird das Systemdatum als Bestelldatum verwendet. Wird der AA durch die MBP erzeugt, wird der Tag der MBP als Standarddatum verwendet.</value>
  <value column="Placeholder" original=""/>
 </row>
 <row id="54140" trl="Y">
  <value column="Name" original="Date Promised">Zugesagter Termin</value>
  <value column="Description" original="Date Order was promised">Zugesagtes Lieferdatum des Замовлення клієнтаs</value>
  <value column="Help" original="The Date Promised indicates the date, if any, that an Order was promised for.&#10;Date Promised Is the date we commit to give the order to the warehouse. If the MO is created manually the default date promised is the system date. If the MO was generated by MRP this date is filled automatically using its algorithm calculation.">Der zugesagte Liefertermin ist das Datum, für das ein Замовлення клієнта zugesagt wurde (falls vereinbart). "Zugesagter Liefertermin" ist das Datum, an dem ein Замовлення клієнта ans Склад gegeben wird. Wird der AA manuell erstellt, wird als "Zugesagter Liefertermin" das Systemdatum verwendet. Wird der AA durch die MBP erzeugt, wird das Datum über einen Algorithmus berechnet.</value>
  <value column="Placeholder" original=""/>
 </row>
 <row id="54145" trl="Y">
  <value column="Name" original="Date Start">Startdatum</value>
  <value column="Description" original="Indicate the real date to start">Zeigt das tatsächliche Startdatum an</value>
  <value column="Help" original="It is the date when the first manufacturing order movement is reported, this movement can be an inventory or labor movement.">Das "Startdatum" meldet die erste Arbeitsauftragsbewegung. Diese Bewegung kann den Bestand sowie Arbeitsabläufe betreffen.</value>
  <value column="Placeholder" original=""/>
 </row>
 <row id="54146" trl="Y">
  <value column="Name" original="Finish Date">Abschlussdatum</value>
  <value column="Description" original="Finish or (planned) completion date">Tatsächliches (oder geplantes) Abschlussdatum.</value>
  <value column="Help" original="The finish date is used to indicate when the project is expected to be completed or has been completed.&#10;&#10;To Manufacturing Order is the date when the last manufacturing order movement is reported, It is the closing order date.">Das Abschlussdatum zeigt an, wann ein Проєкт voraussichtlich abgeschlossen sein wird oder wurde. Das Abschlussdatum meldet die letzte Arbeitsauftragsbewegung. Es ist das Abschlussdatum des Замовлення клієнтаs.</value>
  <value column="Placeholder" original=""/>
 </row>
 <row id="54196" trl="Y">
  <value column="Name" original="Company Agent">Firmenvertreter</value>
  <value column="Description" original="Company Agent">Firmenvertreter</value>
  <value column="Help" original="Company Agent to Distribution Order">Firmenvertreter des Distributionsauftrags</value>
  <value column="Placeholder" original=""/>
 </row>
 <row id="54205" trl="Y">
  <value column="Name" original="Transit Warehouse">Transitlager</value>
  <value column="Description" original="Storage Warehouse and Service Point">Склад oder Сервісpoint</value>
  <value column="Help" original="The Warehouse identifies a unique Warehouse where products are stored or Services are provided.">Ein "Склад" ist ein einzelnes Artikellager oder ein Standort an dem Dienstleistungen erbracht werden.</value>
  <value column="Placeholder" original=""/>
 </row>
 <row id="54381" trl="Y">
  <value column="Name" original="Target Warehouse">Ziellager</value>
  <value column="Description" original="Target Warehouse and Service Point">Ziellager und Сервісpoint</value>
  <value column="Help" original="The Warehouse identifies a unique Warehouse where products are stored or Services are provided.">Ein "Склад" ist ein einzelnes Artikellager oder ein Standort an dem Dienstleistungen erbracht werden.</value>
  <value column="Placeholder" original=""/>
 </row>
 <row id="55187" trl="Y">
  <value column="Name" original="Create from a Window">Aus Fenster erstellen</value>
  <value column="Description" original=""/>
  <value column="Help" original=""/>
  <value column="Placeholder" original=""/>
 </row>
 <row id="56011" trl="Y">
  <value column="Name" original="Current Period">Aktuelle Periode</value>
  <value column="Description" original=""/>
  <value column="Help" original=""/>
  <value column="Placeholder" original=""/>
 </row>
 <row id="56190" trl="Y">
  <value column="Name" original="Period 1 %">Periode 1 %</value>
  <value column="Description" original=""/>
  <value column="Help" original=""/>
  <value column="Placeholder" original=""/>
 </row>
 <row id="56191" trl="Y">
  <value column="Name" original="Period 2 %">Periode 2 %</value>
  <value column="Description" original=""/>
  <value column="Help" original=""/>
  <value column="Placeholder" original=""/>
 </row>
 <row id="56192" trl="Y">
  <value column="Name" original="Period 3 %">Periode 3 %</value>
  <value column="Description" original=""/>
  <value column="Help" original=""/>
  <value column="Placeholder" original=""/>
 </row>
 <row id="56193" trl="Y">
  <value column="Name" original="Period 4 %">Periode 4 %</value>
  <value column="Description" original=""/>
  <value column="Help" original=""/>
  <value column="Placeholder" original=""/>
 </row>
 <row id="56194" trl="Y">
  <value column="Name" original="Period 5 %">Periode 5 %</value>
  <value column="Description" original=""/>
  <value column="Help" original=""/>
  <value column="Placeholder" original=""/>
 </row>
 <row id="56195" trl="Y">
  <value column="Name" original="Period 6 %">Periode 6 %</value>
  <value column="Description" original=""/>
  <value column="Help" original=""/>
  <value column="Placeholder" original=""/>
 </row>
 <row id="56196" trl="Y">
  <value column="Name" original="Period 7 %">Periode 7 %</value>
  <value column="Description" original=""/>
  <value column="Help" original=""/>
  <value column="Placeholder" original=""/>
 </row>
 <row id="56197" trl="Y">
  <value column="Name" original="Period 8 %">Periode 8 %</value>
  <value column="Description" original=""/>
  <value column="Help" original=""/>
  <value column="Placeholder" original=""/>
 </row>
 <row id="56198" trl="Y">
  <value column="Name" original="Period 9 %">Periode 9 %</value>
  <value column="Description" original=""/>
  <value column="Help" original=""/>
  <value column="Placeholder" original=""/>
 </row>
 <row id="56199" trl="Y">
  <value column="Name" original="Period 10 %">Periode 10 %</value>
  <value column="Description" original=""/>
  <value column="Help" original=""/>
  <value column="Placeholder" original=""/>
 </row>
 <row id="56200" trl="Y">
  <value column="Name" original="Period 11 %">Periode 11 %</value>
  <value column="Description" original=""/>
  <value column="Help" original=""/>
  <value column="Placeholder" original=""/>
 </row>
 <row id="56201" trl="Y">
  <value column="Name" original="Period 12 %">Periode 12 %</value>
  <value column="Description" original=""/>
  <value column="Help" original=""/>
  <value column="Placeholder" original=""/>
 </row>
 <row id="56202" trl="Y">
  <value column="Name" original="Period 13 %">Periode 13 %</value>
  <value column="Description" original=""/>
  <value column="Help" original=""/>
  <value column="Placeholder" original=""/>
 </row>
 <row id="56203" trl="Y">
  <value column="Name" original="Period 14 %">Periode 14 %</value>
  <value column="Description" original=""/>
  <value column="Help" original=""/>
  <value column="Placeholder" original=""/>
 </row>
 <row id="56207" trl="Y">
  <value column="Name" original="Script">Skript</value>
  <value column="Description" original=""/>
  <value column="Help" original=""/>
  <value column="Placeholder" original=""/>
 </row>
 <row id="56210" trl="Y">
  <value column="Name" original="Name">Name</value>
  <value column="Description" original=""/>
  <value column="Help" original=""/>
  <value column="Placeholder" original=""/>
 </row>
 <row id="57331" trl="Y">
  <value column="Name" original="Acknowledge">Bestätigen</value>
  <value column="Description" original="System Notice acknowledged">Systemmeldung bestätigt</value>
  <value column="Help" original="The Acknowledged checkbox indicates if this notice does not need to be retained.">Wurde das Optionsfeld "Bestätigt" aktiviert, kann die Nachricht gelöscht werden.</value>
  <value column="Placeholder" original=""/>
 </row>
 <row id="57761" trl="Y">
  <value column="Name" original="Customer Return">Клієнтnrückgabe</value>
  <value column="Description" original="Customer Return Document">Клієнтnrückgabedokument</value>
  <value column="Help" original="The Customer Return">Die Клієнтnrückgabe</value>
  <value column="Placeholder" original=""/>
 </row>
 <row id="57900" trl="Y">
  <value column="Name" original="Return to Vendor">Rückgabe an Постачальник</value>
  <value column="Description" original="Return to Vendor Document">Dokument für Постачальникenrückgabe</value>
  <value column="Help" original="The Return to Vendor">Die Постачальникenrückgabe</value>
  <value column="Placeholder" original=""/>
 </row>
 <row id="57987" trl="Y">
  <value column="Name" original="Search Key">Suchschlüssel</value>
  <value column="Description" original="Search key for the record in the format required">Suchschlüssel für den Datensatz im benötigten Format</value>
  <value column="Help" original="7 bit lower case alpha numeric - max length 8 - can be used for operating system names.">7-bit alphanumerisch in Kleinbuchstaben - 8 Zeichen Maximallänge - kann für Betriebssystemnamen verwendet werden.</value>
  <value column="Placeholder" original=""/>
 </row>
 <row id="58101" trl="Y">
  <value column="Name" original="Copy BOM Lines From">Stücklistenpositionen kopieren aus</value>
  <value column="Description" original="Copy BOM Lines from an exising BOM">Kopieren Sie Stücklistenpositionen aus einer bestehenden Stückliste</value>
  <value column="Help" original="Copy BOM Lines from an exising BOM. The BOM being copied to, must not have any existing BOM Lines.">Kopieren Sie Stücklistenpositionen aus einer bestehenden Stückliste. Die Stückliste in die Sie kopieren, darf noch nicht über Positionen verfügen.</value>
  <value column="Placeholder" original=""/>
 </row>
 <row id="58114" trl="Y">
  <value column="Name" original="Valid from">Gültig ab</value>
  <value column="Description" original="Valid from including this date (first day)">Gültig ab diesem Tag (erster Tag)</value>
  <value column="Help" original="The Valid From date indicates the first day of a date range&#10;&#10;The Valid From and Valid To dates indicate the valid time period to use the BOM in a Manufacturing Order.">Das Gültig-ab-Datum kennzeichnet den ersten Tag eines Datumsbereichs. Die Gültig-ab und Gültig-bis Datumswerte kennzeichnen die gültige Zeitspanne in der die Stückliste für einen Arbeitsauftrag verwendet werden darf.</value>
  <value column="Placeholder" original=""/>
 </row>
 <row id="58771" trl="Y">
  <value column="Name" original="Імпорт Product Planning Data">Імпорт Товарplanungsdaten</value>
  <value column="Description" original=""/>
  <value column="Help" original=""/>
  <value column="Placeholder" original=""/>
 </row>
 <row id="59028" trl="Y">
  <value column="Name" original="Account Date">Проведенняsdatum</value>
  <value column="Description" original="Accounting Date">Проведенняsdatum</value>
  <value column="Help" original="The Accounting Date indicates the date to be used on the General Ledger account entries generated from this document. It is also used for any currency conversion.">Das "Проведенняsdatum" ist das Datum, das für Einträge des Hauptbuchkontos verwendet wird, wenn die Einträge aus diesem Документ erzeugt werden. Es wird auch für jede Валютаsumwandlung verwendet.</value>
  <value column="Placeholder" original=""/>
 </row>
 <row id="59306" trl="Y">
  <value column="Name" original="ID">ID</value>
  <value column="Description" original=""/>
  <value column="Help" original=""/>
  <value column="Placeholder" original=""/>
 </row>
 <row id="59449" trl="Y">
  <value column="Name" original="Імпорт Inventory Move">Імпорт Складbewegung</value>
  <value column="Description" original=""/>
  <value column="Help" original=""/>
  <value column="Placeholder" original=""/>
 </row>
 <row id="59499" trl="Y">
  <value column="Name" original="Імпорт Fixed Asset">Імпорт Anlagevermögen</value>
  <value column="Description" original=""/>
  <value column="Help" original=""/>
  <value column="Placeholder" original=""/>
 </row>
 <row id="59500" trl="Y">
  <value column="Name" original="Processed">Verarbeitet</value>
  <value column="Description" original="The document has been processed">Der Документ wurde verarbeitet</value>
  <value column="Help" original="The Processed checkbox indicates that a document has been processed.">Das Optionsfeld "Verarbeitet" zeigt an, ob ein Документ verarbeitet wurde.</value>
  <value column="Placeholder" original=""/>
 </row>
 <row id="59822" trl="Y">
  <value column="Name" original="Attribute Set Instance">Attributsatzinstanz</value>
  <value column="Description" original="Product Attribute Values">Werte Artikelattribut</value>
  <value column="Help" original="The values of the actual Product Attributes. Product Instance attributes are defined in the actual transactions.">Die Werte eines tatsächlichen Artikelattributs. Die Instanzen der Artikelattribute werden in den tatsächlichen Transaktionen festgelegt.</value>
  <value column="Placeholder" original=""/>
 </row>
 <row id="60944" trl="Y">
  <value column="Name" original="Copy From Cash Plan">Von Liquiditätsplan kopieren</value>
  <value column="Description" original="Copy From Another Cash Plan">Von anderem Liquiditätsplan kopieren</value>
  <value column="Help" original="Copy From Another Cash Plan">Von anderem Liquiditätsplan kopieren</value>
  <value column="Placeholder" original=""/>
 </row>
 <row id="62015" trl="Y">
  <value column="Name" original="Create/Update Production lines">Товарionslinien erstellen/aktualisieren</value>
  <value column="Description" original="Process which will create production lines based on BOM, or recreate with an optional adjusted quantity">Der Prozess erstellt auf Stücklisten basierende Товарionslinien oder erstellt sie neu mit optional angepasster Menge</value>
  <value column="Help" original=""/>
  <value column="Placeholder" original=""/>
 </row>
 <row id="62016" trl="Y">
  <value column="Name" original="Complete Production">Abgeschlossene Товарion</value>
  <value column="Description" original="Complete Production">Abgeschlossene Товарion</value>
  <value column="Help" original="Indication that this is complete">Zeigt an, dass etwas vollständig/abgeschlossen ist</value>
  <value column="Placeholder" original=""/>
 </row>
 <row id="62236" trl="Y">
  <value column="Name" original="Sales Rep Name">Продажіsbeauftragter</value>
  <value column="Description" original="Sales Representative Name">Продажіsbeauftragter</value>
  <value column="Help" original="The name of the sales rep that this dashboard relates to.">Der Name des Продажіsbeauftragten, zu dem diese Instrumententafel gehört.</value>
  <value column="Placeholder" original=""/>
 </row>
 <row id="62779" trl="Y">
  <value column="Name" original="Language">Sprache</value>
  <value column="Description" original="Language for this Business Partner if Multi-Language enabled">Sprache diese Контрагентs, falls Mehrsprachigkeit aktiviert</value>
  <value column="Help" original="The Language identifies the language to use for display and formatting documents. It requires, that on Client level, Multi-Lingual documents are selected and that you have created/loaded the language.">Die Sprache definiert die Sprache, die für die Anzeige und die Erstellung von Dokumenten benutzt wird. Es erfordert, dass auf Mandantenebene mehrsprachige Dokumente freigeschaltet sind und die Sprachpakete geladen oder erzeugt wurden.</value>
  <value column="Placeholder" original=""/>
 </row>
 <row id="62991" trl="Y">
  <value column="Name" original="Expected Close">Erwarteter Abschluss</value>
  <value column="Description" original="Expected Close">Erwarteter Abschluss</value>
  <value column="Help" original="The Expected Close Date indicates the expected last or final date">Das erwartete Abschlussdatum deutet an, wann mit Abschluss oder Absage zu rechnen ist</value>
  <value column="Placeholder" original=""/>
 </row>
 <row id="200585" trl="Y">
  <value column="Name" original="Only Currency">Nur Валюта</value>
  <value column="Description" original="Restrict accepting only this currency">Ausschließlich diese Валюта akzeptieren</value>
  <value column="Help" original="The Only Currency field indicates that this bank account accepts only the currency identified here.">Das Feld "Ausschließlich diese Валюта akzeptieren" kennzeichnet, dass dieses Банкkonto nur die hier angegebene Валюта akzeptiert.</value>
  <value column="Placeholder" original=""/>
 </row>
 <row id="200723" trl="Y">
  <value column="Name" original="Void It">Storniere es</value>
  <value column="Description" original=""/>
  <value column="Help" original=""/>
  <value column="Placeholder" original=""/>
 </row>
 <row id="200816" trl="Y">
  <value column="Name" original="Only Currency">Nur Валюта</value>
  <value column="Description" original="Restrict accepting only this currency">Ausschließlich diese Валюта akzeptieren</value>
  <value column="Help" original="The Only Currency field indicates that this bank account accepts only the currency identified here.">Das Feld "Ausschließlich diese Валюта akzeptieren" kennzeichnet, dass dieses Банкkonto nur die hier angegebene Валюта akzeptiert.</value>
  <value column="Placeholder" original=""/>
 </row>
 <row id="200858" trl="Y">
  <value column="Name" original="Reference Overwrite">Referenz überschreiben</value>
  <value column="Description" original="System Reference - optional Overwrite">Systemreferenz - optional überschreiben.</value>
  <value column="Help" original="You can overwrite the Display Type, but only use this if you aware of the consequences.">Sie können den Anzeigetyp überschreiben, aber tun Sie dies nur wenn Sie sich über die Konsequenzen im Klaren sind!</value>
  <value column="Placeholder" original=""/>
 </row>
 <row id="200948" trl="Y">
  <value column="Name" original="Attachment Store">Speicher für Anhänge (Dateien)</value>
  <value column="Description" original=""/>
  <value column="Help" original=""/>
  <value column="Placeholder" original=""/>
 </row>
 <row id="201245" trl="Y">
  <value column="Name" original="Ship Date (For FedEx only)">Lieferdatum (nur für FedEx)</value>
  <value column="Description" original="Shipment Date/Time">Lieferdatum/-zeit</value>
  <value column="Help" original="Actual Date/Time of Shipment (pick up)">Tatsächliches Lieferdatum (Kommissionierung).</value>
  <value column="Placeholder" original=""/>
 </row>
 <row id="201255" trl="N">
  <value column="Name" original="Duties Shipper Account (For FedEx only)">Duties Shipper Account (For FedEx only)</value>
  <value column="Description" original=""/>
  <value column="Help" original=""/>
  <value column="Placeholder" original=""/>
 </row>
 <row id="201256" trl="Y">
  <value column="Name" original="Партнер Location (For UPS only)">Партнер Standort (nur für UPS)</value>
  <value column="Description" original="Identifies the (ship to) address for this Business Partner">Zeigt die (Liefer-)Adresse des Контрагентs</value>
  <value column="Help" original="The Partner address indicates the location of a Business Partner">Kennzeichnet den Standort des Контрагентs</value>
  <value column="Placeholder" original=""/>
 </row>
 <row id="201262" trl="N">
  <value column="Name" original="Future Day Shipment (For FedEx only)">Future Day Shipment (For FedEx only)</value>
  <value column="Description" original=""/>
  <value column="Help" original=""/>
  <value column="Placeholder" original=""/>
 </row>
 <row id="201264" trl="N">
  <value column="Name" original="Home Delivery Premium Type (For FedEx only)">Home Delivery Premium Type (For FedEx only)</value>
  <value column="Description" original=""/>
  <value column="Help" original=""/>
  <value column="Placeholder" original=""/>
 </row>
 <row id="201265" trl="Y">
  <value column="Name" original="Phone Number (For FedEx only)">Telefonnummer (nur FedEx)</value>
  <value column="Description" original=""/>
  <value column="Help" original=""/>
  <value column="Placeholder" original=""/>
 </row>
 <row id="201266" trl="Y">
  <value column="Name" original="Date (For FedEx only)">Datum (nur FedEx)</value>
  <value column="Description" original=""/>
  <value column="Help" original=""/>
  <value column="Placeholder" original=""/>
 </row>
 <row id="201267" trl="Y">
  <value column="Name" original="Hazardous Materials (For FedEx only)">Gefahrengüter (nur FedEx)</value>
  <value column="Description" original=""/>
  <value column="Help" original=""/>
  <value column="Placeholder" original=""/>
 </row>
 <row id="201268" trl="N">
  <value column="Name" original="Dot Hazard Class or Division (For FedEx only)">Dot Hazard Class or Division (For FedEx only)</value>
  <value column="Description" original=""/>
  <value column="Help" original=""/>
  <value column="Placeholder" original=""/>
 </row>
 <row id="201269" trl="Y">
  <value column="Name" original="Cargo Aircraft Only (For FedEx only)">Nur Luftfracht (nur FedEx)</value>
  <value column="Description" original=""/>
  <value column="Help" original=""/>
  <value column="Placeholder" original=""/>
 </row>
 <row id="201270" trl="N">
  <value column="Name" original="Accessible (For FedEx only)">Accessible (For FedEx only)</value>
  <value column="Description" original=""/>
  <value column="Help" original=""/>
  <value column="Placeholder" original=""/>
 </row>
 <row id="201271" trl="Y">
  <value column="Name" original="Dry Ice (For FedEx only)">Trockeneis (nur FedEx)</value>
  <value column="Description" original=""/>
  <value column="Help" original=""/>
  <value column="Placeholder" original=""/>
 </row>
 <row id="201272" trl="Y">
  <value column="Name" original="Dry Ice Weight (For FedEx only)">Trockeneis Gewicht (nur FedEx)</value>
  <value column="Description" original=""/>
  <value column="Help" original=""/>
  <value column="Placeholder" original=""/>
 </row>
 <row id="201273" trl="N">
  <value column="Name" original="Hold At Location (For FedEx only)">Hold At Location (For FedEx only)</value>
  <value column="Description" original=""/>
  <value column="Help" original=""/>
  <value column="Placeholder" original=""/>
 </row>
 <row id="201274" trl="N">
  <value column="Name" original="Hold Address (For FedEx only)">Hold Address (For FedEx only)</value>
  <value column="Description" original=""/>
  <value column="Help" original=""/>
  <value column="Placeholder" original=""/>
 </row>
 <row id="201354" trl="N">
  <value column="Name" original="Added Handling (For UPS only)">Added Handling (For UPS only)</value>
  <value column="Description" original=""/>
  <value column="Help" original=""/>
  <value column="Placeholder" original=""/>
 </row>
 <row id="201355" trl="Y">
  <value column="Name" original="Delivery Confirmation Type (For FedEx only)">Поставка Bestätigungsart (nur FedEx)</value>
  <value column="Description" original=""/>
  <value column="Help" original=""/>
  <value column="Placeholder" original=""/>
 </row>
 <row id="201358" trl="Y">
  <value column="Name" original="Verbal Confirmation (For UPS only)">Mündl. Bestätigung (nur UPS)</value>
  <value column="Description" original=""/>
  <value column="Help" original=""/>
  <value column="Placeholder" original=""/>
 </row>
 <row id="202210" trl="N">
  <value column="Name" original="Index Validate">Index Validate</value>
  <value column="Description" original=""/>
  <value column="Help" original=""/>
  <value column="Placeholder" original=""/>
 </row>
 <row id="202234" trl="N">
  <value column="Name" original="Sql WHERE">Sql WHERE</value>
  <value column="Description" original="Fully qualified SQL WHERE clause">Fully qualified SQL WHERE clause</value>
  <value column="Help" original="The Where Clause indicates the SQL WHERE clause to use for record selection. It must include the WHERE itself. Fully qualified means &quot;tablename.columnname&quot;.">The Where Clause indicates the SQL WHERE clause to use for record selection. It must include the WHERE itself. Fully qualified means "tablename.columnname".</value>
  <value column="Placeholder" original=""/>
 </row>
 <row id="202235" trl="N">
  <value column="Name" original="Sql FROM">Sql FROM</value>
  <value column="Description" original="SQL FROM clause">SQL FROM clause</value>
  <value column="Help" original="The Select Clause indicates the SQL FROM clause to use for selecting the record for a measure calculation. It can have JOIN clauses. It must include the FROM itself.">The Select Clause indicates the SQL FROM clause to use for selecting the record for a measure calculation. It can have JOIN clauses. It must include the FROM itself.</value>
  <value column="Placeholder" original=""/>
 </row>
 <row id="202252" trl="N">
  <value column="Name" original="View Validate">View Validate</value>
  <value column="Description" original=""/>
  <value column="Help" original=""/>
  <value column="Placeholder" original=""/>
 </row>
 <row id="202325" trl="Y">
  <value column="Name" original="Cost Adjustment">Витратиanpassung</value>
  <value column="Description" original="Inventory Cost Adjustment">Витратиanpassung Warenbestand</value>
  <value column="Help" original="The Inventory Cost Adjustment document allows user to enter cost adjustment for products">Die Витратиanpassung für den Warenbestand erlaubt dem Користувач Витрати für Artikel anzupassen</value>
  <value column="Placeholder" original=""/>
 </row>
 <row id="202443" trl="Y">
  <value column="Name" original="Purchase Order Line">Bestellposition</value>
  <value column="Description" original="Purchase Order Line">Bestellposition</value>
  <value column="Help" original="The Purchase Order Line is a unique identifier for a line in an order.">Die Bestellposition ist eine eindeutiger Identifikation für eine Position in einem Замовлення клієнта.</value>
  <value column="Placeholder" original=""/>
 </row>
 <row id="203108" trl="N">
  <value column="Name" original="ViewID Column">ViewID Column</value>
  <value column="Description" original="Name of unique column in a view. value of this column will save to t_selection table">Name of unique column in a view. value of this column will save to t_selection table</value>
  <value column="Help" original="Column to resolve issue in https://idempiere.atlassian.net/browse/IDEMPIERE-1970">Column to resolve issue in https://idempiere.atlassian.net/browse/IDEMPIERE-1970</value>
  <value column="Placeholder" original=""/>
 </row>
 <row id="203325" trl="Y">
  <value column="Name" original="Country Group">Ländergruppe</value>
  <value column="Description" original=""/>
  <value column="Help" original=""/>
  <value column="Placeholder" original=""/>
 </row>
 <row id="203326" trl="Y">
  <value column="Name" original="To">Nach</value>
  <value column="Description" original=""/>
  <value column="Help" original=""/>
  <value column="Placeholder" original=""/>
 </row>
 <row id="205154" trl="Y">
  <value column="Name" original="Client">Mandant</value>
  <value column="Description" original=""/>
  <value column="Help" original=""/>
  <value column="Placeholder" original=""/>
 </row>
 <row id="205174" trl="Y">
  <value column="Name" original="Client">Mandant</value>
  <value column="Description" original=""/>
  <value column="Help" original=""/>
  <value column="Placeholder" original=""/>
 </row>
 <row id="205898" trl="Y">
  <value column="Name" original="Display Search Key">Suchschlüssel anzeigen</value>
  <value column="Description" original="Displays Search Key in the tree">Suchschlüssel im Baum anzeigen</value>
  <value column="Help" original="The Display Search Key checkbox indicates if the Search Key will display in the tree before the Name">Wenn angehakt, wird der Suchschlüssel in der Baumanzeige vor dem Namen angezeigt</value>
  <value column="Placeholder" original=""/>
 </row>
 <row id="206305" trl="N">
  <value column="Name" original="Validation code">Validation code</value>
  <value column="Description" original="Validation Code">Validation Code</value>
  <value column="Help" original="The Validation Code displays the date, time and message of the error.&#10;&#10;You can add advanced SQL queries to your searches by filling this field with @SQL=[WHERE CLAUSE].&#10;Do not include the WHERE statement and use Fully qualified SQL statements. F.e:&#10;&#10;@SQL=C_Order.isActive='Y' AND SalesRep_ID=@AD_User_ID@ &#10;&#10;will filter orders by active and where the sales representative is the current user.">The Validation Code displays the date, time and message of the error.

You can add advanced SQL queries to your searches by filling this field with @SQL=[WHERE CLAUSE].
Do not include the WHERE statement and use Fully qualified SQL statements. F.e:

@SQL=C_Order.isActive='Y' AND SalesRep_ID=@AD_User_ID@ 

will filter orders by active and where the sales representative is the current user.</value>
  <value column="Placeholder" original=""/>
 </row>
 <row id="206515" trl="Y">
  <value column="Name" original="Invoice Contact">Рахунок-фактураskontakt</value>
  <value column="Description" original="Business Partner Invoice/Bill Contact">Kontakt des Контрагент für Рахунок-фактураen</value>
  <value column="Help" original="If the Invoice Contact is selected, the contact is used to send notifications about invoices to a customer or a vendor.">Wenn ein Kontakt als Рахунок-фактураskontakt gekennzeichnet ist, wird dieser Kontakt für die Zusendung von Рахунок-фактураen ausgewählt.</value>
  <value column="Placeholder" original=""/>
 </row>
 <row id="206516" trl="Y">
  <value column="Name" original="Ship Contact">Поставкаskontakt</value>
  <value column="Description" original="Business Partner Shipment Contact">Kontakt des Контрагент für Поставкаen</value>
  <value column="Help" original="If the Ship Contact is selected, the contact is used for notification.">Wenn ein Kontakt als Поставкаskontakt gekennzeichnet ist, wird er für Lieferankündigungen verwendet.</value>
  <value column="Placeholder" original=""/>
 </row>
 <row id="206517" trl="Y">
  <value column="Name" original="Ship Contact">Поставкаskontakt</value>
  <value column="Description" original="Business Partner Shipment Contact">Kontakt des Контрагент für Поставкаen</value>
  <value column="Help" original="If the Ship Contact is selected, the contact is used for notification.">Wenn ein Kontakt als Поставкаskontakt gekennzeichnet ist, wird er für Lieferankündigungen verwendet.</value>
  <value column="Placeholder" original=""/>
 </row>
 <row id="206518" trl="Y">
  <value column="Name" original="Invoice Contact">Рахунок-фактураskontakt</value>
  <value column="Description" original="Business Partner Invoice/Bill Contact">Kontakt des Контрагент für Рахунок-фактураen</value>
  <value column="Help" original="If the Invoice Contact is selected, the contact is used to send notifications about invoices to a customer or a vendor.">Wenn ein Kontakt als Рахунок-фактураskontakt gekennzeichnet ist, wird dieser Kontakt für die Zusendung von Рахунок-фактураen ausgewählt.</value>
  <value column="Placeholder" original=""/>
 </row>
</idempiereTrl>
