<?xml version="1.0" encoding="UTF-8" standalone="no"?>
<!--iDempiere(r) Release 1.0a_2012-10-31 -Smart Suite ERP, CRM and SCM- (c) 1999-2012 iDempiere(r); Implementation: iDempiere - Supported by iDempiere community-->
<!--<!DOCTYPE idempiereTrl PUBLIC "-//ComPiere, Inc.//DTD iDempiere Translation 1.0//EN" "http://www.idempiere.com/dtd/idempiereTrl.dtd">-->
<idempiereTrl language="uk_UA" table="AD_PrintFormatItem">
 <row id="2147" trl="Y">
  <value column="Name" original="Rectangle">Rechteck</value>
  <value column="PrintName" original=""/>
  <value column="PrintNameSuffix" original=""/>
 </row>
 <row id="2148" trl="Y">
  <value column="Name" original="Product Image">Artikelbild</value>
  <value column="PrintName" original=""/>
  <value column="PrintNameSuffix" original=""/>
 </row>
 <row id="2325" trl="Y">
  <value column="Name" original="DocumentNo Barcode">Документnr. Barcode</value>
  <value column="PrintName" original=""/>
  <value column="PrintNameSuffix" original=""/>
 </row>
 <row id="2326" trl="Y">
  <value column="Name" original="UPC">UPC</value>
  <value column="PrintName" original=""/>
  <value column="PrintNameSuffix" original=""/>
 </row>
 <row id="2327" trl="Y">
  <value column="Name" original="Postal">Postalisch</value>
  <value column="PrintName" original=""/>
  <value column="PrintNameSuffix" original=""/>
 </row>
 <row id="50477" trl="Y">
  <value column="Name" original="VendorProductNo">ПостачальникArtikelnr.</value>
  <value column="PrintName" original="VendorProductNo">ПостачальникArtikelnr.</value>
  <value column="PrintNameSuffix" original=""/>
 </row>
 <row id="50992" trl="Y">
  <value column="Name" original="Setup T">Setup T</value>
  <value column="PrintName" original="Setup">Einrichtung</value>
  <value column="PrintNameSuffix" original=""/>
 </row>
 <row id="51001" trl="Y">
  <value column="Name" original="Cost T">Витрати T</value>
  <value column="PrintName" original="Cost T">Витрати T</value>
  <value column="PrintNameSuffix" original=""/>
 </row>
 <row id="51005" trl="Y">
  <value column="Name" original="Cost TL">Витрати TL</value>
  <value column="PrintName" original="Cost TL">Витрати TL</value>
  <value column="PrintNameSuffix" original=""/>
 </row>
 <row id="51006" trl="Y">
  <value column="Name" original="Cost LL">Витрати LL</value>
  <value column="PrintName" original="Cost LL">Витрати LL</value>
  <value column="PrintNameSuffix" original=""/>
 </row>
 <row id="51013" trl="Y">
  <value column="Name" original="Levels">Ebenen</value>
  <value column="PrintName" original="Levels">Ebenen</value>
  <value column="PrintNameSuffix" original=""/>
 </row>
 <row id="51018" trl="Y">
  <value column="Name" original="Parent">Übergeordnet</value>
  <value column="PrintName" original="Parent">Übergeordnet</value>
  <value column="PrintNameSuffix" original=""/>
 </row>
 <row id="51026" trl="Y">
  <value column="Name" original="Acct Schema">Acct Schema</value>
  <value column="PrintName" original=""/>
  <value column="PrintNameSuffix" original=""/>
 </row>
 <row id="51066" trl="Y">
  <value column="Name" original="F Cost">F Витрати</value>
  <value column="PrintName" original="F  Cost">F Витрати</value>
  <value column="PrintNameSuffix" original=""/>
 </row>
 <row id="51067" trl="Y">
  <value column="Name" original="F Cost LL">F Витрати LL</value>
  <value column="PrintName" original="F  Cost LL">F Витрати LL</value>
  <value column="PrintNameSuffix" original=""/>
 </row>
 <row id="51068" trl="Y">
  <value column="Name" original="S Cost">S Витрати</value>
  <value column="PrintName" original="S Cost">S Витрати</value>
  <value column="PrintNameSuffix" original=""/>
 </row>
 <row id="51069" trl="Y">
  <value column="Name" original="Frozen">Eingefroren</value>
  <value column="PrintName" original=""/>
  <value column="PrintNameSuffix" original=""/>
 </row>
 <row id="51074" trl="Y">
  <value column="Name" original="Description">Beschreibung</value>
  <value column="PrintName" original="Description">Beschreibung</value>
  <value column="PrintNameSuffix" original=""/>
 </row>
 <row id="51075" trl="Y">
  <value column="Name" original="Help">Hilfe</value>
  <value column="PrintName" original="Help">Hilfe</value>
  <value column="PrintNameSuffix" original=""/>
 </row>
 <row id="51076" trl="Y">
  <value column="Name" original="Help">Hilfe</value>
  <value column="PrintName" original="Help">Hilfe</value>
  <value column="PrintNameSuffix" original=""/>
 </row>
 <row id="51337" trl="Y">
  <value column="Name" original="PP_Order_Node_ID">PP_Order_Node_ID</value>
  <value column="PrintName" original=""/>
  <value column="PrintNameSuffix" original=""/>
 </row>
 <row id="200010" trl="Y">
  <value column="Name" original="Standard Cost">Standardkosten</value>
  <value column="PrintName" original=""/>
  <value column="PrintNameSuffix" original=""/>
 </row>
 <row id="200011" trl="Y">
  <value column="Name" original="Std Cost Amount Sum">Summe Standardkosten</value>
  <value column="PrintName" original="Std Cost Amount Sum">Summe Standardkosten</value>
  <value column="PrintNameSuffix" original=""/>
 </row>
 <row id="200067" trl="Y">
  <value column="Name" original="Report Title">Звітstitel</value>
  <value column="PrintName" original="Single Level BOM">Einstufige Stückliste</value>
  <value column="PrintNameSuffix" original=""/>
 </row>
 <row id="200068" trl="Y">
  <value column="Name" original="Label Part Number">Beschriftung Teilenummer</value>
  <value column="PrintName" original="Part Number">Teilenummer</value>
  <value column="PrintNameSuffix" original=""/>
 </row>
 <row id="200069" trl="Y">
  <value column="Name" original="Label Product Name">Beschriftung Artikelname</value>
  <value column="PrintName" original="Product Name">Artikelname</value>
  <value column="PrintNameSuffix" original=""/>
 </row>
 <row id="200070" trl="Y">
  <value column="Name" original="Label Product Category">Beschriftung Artikelkategorie</value>
  <value column="PrintName" original="Product Category">Artikelkategorie</value>
  <value column="PrintNameSuffix" original=""/>
 </row>
 <row id="200071" trl="Y">
  <value column="Name" original="Label Part Type">Beschriftung Teileart</value>
  <value column="PrintName" original="Part Type">Teileart</value>
  <value column="PrintNameSuffix" original=""/>
 </row>
 <row id="200072" trl="Y">
  <value column="Name" original="Label Unit Of Measure">Beschriftung Maßeinheit</value>
  <value column="PrintName" original="Unit of Measure">Maßeinheit</value>
  <value column="PrintNameSuffix" original=""/>
 </row>
 <row id="200073" trl="Y">
  <value column="Name" original="Label Locator">Beschriftung Складort</value>
  <value column="PrintName" original="Locator">Складort</value>
  <value column="PrintNameSuffix" original=""/>
 </row>
 <row id="200074" trl="Y">
  <value column="Name" original="Label Standard Cost">Beschriftung Standardkosten</value>
  <value column="PrintName" original="Standard Cost">Standardkosten</value>
  <value column="PrintNameSuffix" original=""/>
 </row>
 <row id="200075" trl="Y">
  <value column="Name" original="Part Type">Teileart</value>
  <value column="PrintName" original=""/>
  <value column="PrintNameSuffix" original=""/>
 </row>
 <row id="200076" trl="Y">
  <value column="Name" original="Standard Cost">Standardkosten</value>
  <value column="PrintName" original=""/>
  <value column="PrintNameSuffix" original=""/>
 </row>
 <row id="200077" trl="Y">
  <value column="Name" original="Label Bill of Materials">Beschriftung Stückliste</value>
  <value column="PrintName" original="Bill of Materials">Stückliste</value>
  <value column="PrintNameSuffix" original=""/>
 </row>
 <row id="200078" trl="Y">
  <value column="Name" original="Label Manufactured">Beschriftung Hergestellt</value>
  <value column="PrintName" original="Manufactured">Hergestellt</value>
  <value column="PrintNameSuffix" original=""/>
 </row>
 <row id="200079" trl="Y">
  <value column="Name" original="Label Purchased">Beschriftung Eingekauft</value>
  <value column="PrintName" original="Purchased">Eingekauft</value>
  <value column="PrintNameSuffix" original=""/>
 </row>
 <row id="200080" trl="Y">
  <value column="Name" original="Label Sold">Beschriftung Verkauft</value>
  <value column="PrintName" original="Sold">Verkauft</value>
  <value column="PrintNameSuffix" original=""/>
 </row>
 <row id="200081" trl="Y">
  <value column="Name" original="Label Kanban">Beschriftung Kanban</value>
  <value column="PrintName" original="Kanban Controlled">Kanban gesteuert</value>
  <value column="PrintNameSuffix" original=""/>
 </row>
 <row id="200085" trl="Y">
  <value column="Name" original="Label BOM Verified">Beschriftung Stückliste geprüft</value>
  <value column="PrintName" original="BOM Verified">Stückliste geprüft</value>
  <value column="PrintNameSuffix" original=""/>
 </row>
</idempiereTrl>
