<?xml version="1.0" encoding="UTF-8" standalone="no"?>
<!--iDempiere(r) Release 7.1_2019-11-22 -Smart Suite ERP, CRM and SCM- (c) 1999-2019 iDempiere(r); Implementation: iDempiere - Martin Schönbeck Beratungen GmbH--><!--<!DOCTYPE idempiereTrl PUBLIC "-//ComPiere, Inc.//DTD iDempiere Translation 1.0//EN" "http://www.idempiere.com/dtd/idempiereTrl.dtd">--><idempiereTrl language="uk_UA" table="AD_WF_Node">
 <row id="116" trl="Y">
  <value column="Name" original="Accounting Schema">Buchführungsschema</value>
  <value column="Description" original="Project as Account Segment">Проєкт als Kontensegment</value>
  <value column="Help" original="To enable accounting reporting of projects, create and enable a project segment in the account elements.">To enable accounting reporting of projects, create and enable a project segment in the account elements.</value>
 </row>
 <row id="118" trl="Y">
  <value column="Name" original="System Elements">Systemelemente</value>
  <value column="Description" original="Translate System Elements">Systemelemente übersetzen</value>
  <value column="Help" original="System Elements are used to centrally define field labels, description and help. When translating an Element, the appropriate information of Fields in Windows, Parameters and Reports are translated (overwritten)">System Elements are used to centrally define field labels, description and help. When translating an Element, the appropriate information of Fields in Windows, Parameters and Reports are translated (overwritten)</value>
 </row>
 <row id="119" trl="Y">
  <value column="Name" original="Messages">Mitteilungen</value>
  <value column="Description" original="Translate Messages">Mitteilungen übersetzen</value>
  <value column="Help" original="Translate the messages used in Windows, Forms and Processes">Translate the messages used in Windows, Forms and Processes</value>
 </row>
 <row id="120" trl="Y">
  <value column="Name" original="Reference">Referenz</value>
  <value column="Description" original="Translate References">Referenzen übersetzen</value>
  <value column="Help" original="References are used as prefedined selection lists.  You only need to translate the List Elements !!">References are used as prefedined selection lists.  You only need to translate the List Elements !!</value>
 </row>
 <row id="121" trl="Y">
  <value column="Name" original="Window &amp; Tab" xml:space="preserve"><![CDATA[Fenster & Register]]></value>
  <value column="Description" original="Translate Windows and Tabs">Fenster und Register übersetzen</value>
  <value column="Help" original="Translate the Name, Description and Help for Windows and Tabs.  Most of the Fields are already translated, if they are centrally maintained.">Translate the Name, Description and Help for Windows and Tabs.  Most of the Fields are already translated, if they are centrally maintained.</value>
 </row>
 <row id="122" trl="Y">
  <value column="Name" original="Form">Formular</value>
  <value column="Description" original="Translate Forms">Formulare übersetzen</value>
  <value column="Help" original="Forms are special Windows and you need to translate its name, description and Help.">Forms are special Windows and you need to translate its name, description and Help.</value>
 </row>
 <row id="123" trl="Y">
  <value column="Name" original="Report &amp; Process" xml:space="preserve"><![CDATA[Звіт & Prozess]]></value>
  <value column="Description" original="Translate Reports and Processes">Звітe und Prozesse übersetzen</value>
  <value column="Help" original="Translate the Name, Description and Help for Processes and Reports. You don't need to translate the Parameters, if they are centrally maintained.">Translate the Name, Description and Help for Processes and Reports. You don't need to translate the Parameters, if they are centrally maintained.</value>
 </row>
 <row id="140" trl="Y">
  <value column="Name" original="User">Користувач</value>
  <value column="Description" original="Define Sales Representative as User">Legen Sie einen Продажіsbeauftragten als Користувач fest</value>
  <value column="Help" original="Users can log into the system and have access to functionality via one or more roles. Select the Business Partner you just set up. This enables the user to be treated as sales rep in the system.">Users can log into the system and have access to functionality via one or more roles. Select the Business Партнер you just set up. This enables the user to be treated as sales rep in the system.</value>
 </row>
 <row id="141" trl="Y">
  <value column="Name" original="Business Partner">Контрагент</value>
  <value column="Description" original="Set up Sales Representative as Business Partner">Legen Sie den Продажіsbeauftragten als Контрагент fest</value>
  <value column="Help" original="Set up the sales representative as Employee and Sales Representative in the Employee tab.  Also set up the Vendor part, if you want to create payments.">Set up the sales representative as Employee and Sales Representative in the Employee tab.  Also set up the Vendor part, if you want to create payments.</value>
 </row>
 <row id="146" trl="Y">
  <value column="Name" original="Workflow">Робочий процес</value>
  <value column="Description" original="Translate Workflows">Робочий процесs übersetzen</value>
  <value column="Help" original="Translate Name, Description and Help of Workflows and their Nodes.  You only need to translate the List Elements !!">Translate Name, Description and Help of Робочий процесs and their Nodes.  You only need to translate the List Elements !!</value>
 </row>
 <row id="152" trl="Y">
  <value column="Name" original="Check Client Setup">Ersteinrichtung Mandant überprüfen</value>
  <value column="Description" original="Check Client setup for Requests">Prüfen Sie die Mandanteneinrichtung für Запитn</value>
  <value column="Help" original="You need to have a mail server and an email address from which the requets an notifications are sent.  Optionally, if you define a mail user and password, requests are read from the mail users's folder and imported into the system.">You need to have a mail server and an email address from which the requets an notifications are sent.  Optionally, if you define a mail user and password, requests are read from the mail users's folder and imported into the system.</value>
 </row>
 <row id="153" trl="Y">
  <value column="Name" original="Check Users">Користувач überprüfen</value>
  <value column="Description" original="Check users for Request processing">Zur Bearbeitung der Запит Користувач überprüfen</value>
  <value column="Help" original="Please ensure that users have a email address and supervisor assigned.">Please ensure that users have a email address and supervisor assigned.</value>
 </row>
 <row id="155" trl="Y">
  <value column="Name" original="Check Business Partners">Контрагент überprüfen</value>
  <value column="Description" original="Check Business Partners for Request processing">Zur Bearbeitung der Запит Контрагент überprüfen</value>
  <value column="Help" original="You can send EMails to businbess partners.  Make sure, that the business partners and/or the Contacts have email addresses.">You can send EMails to businbess partners.  Make sure, that the business partners and/or the Contacts have email addresses.</value>
 </row>
 <row id="166" trl="Y">
  <value column="Name" original="Tax Category">Податокkategorie</value>
  <value column="Description" original="Maintain Tax Categories">Verwaltung Податокkategorien</value>
  <value column="Help" original="The Tax Category Window is used to enter and maintain Tax Categories.  Each product is associated with a tax category which facilitates reacting changing tax rates.">The Tax Category Window is used to enter and maintain Tax Categories.  Each product is associated with a tax category which facilitates reacting changing tax rates.</value>
 </row>
 <row id="167" trl="Y">
  <value column="Name" original="Product">Artikel</value>
  <value column="Description" original="Maintain Products">Verwaltung Artikel</value>
  <value column="Help" original="The Product Window defines all products used by an organization.  These products include those sold to customers, used in the manufacture of products sold to customers and products purchased by an organization.">The Product Window defines all products used by an organization.  These products include those sold to customers, used in the manufacture of products sold to customers and products purchased by an organization.</value>
 </row>
 <row id="168" trl="Y">
  <value column="Name" original="Charge">Gebühr</value>
  <value column="Description" original="Maintain Charges">Verwaltung Gebühren</value>
  <value column="Help" original="The Charges Window defines the different charges that may be incurred.  These can include Bank Charges, Vendor Charges and Handling Charges.">The Charges Window defines the different charges that may be incurred.  These can include Банк Charges, Vendor Charges and Handling Charges.</value>
 </row>
 <row id="169" trl="Y">
  <value column="Name" original="Tax Rate">Податокsatz</value>
  <value column="Description" original="Maintain Taxes and their Rates">Verwaltung Податокn und Податокsätze</value>
  <value column="Help" original="The Tax Rate Window defines the different taxes used for each tax category.  For example Sales Tax must be defined for each State in which it applies.">The Tax Rate Window defines the different taxes used for each tax category.  For example Sales Tax must be defined for each State in which it applies.</value>
 </row>
 <row id="170" trl="Y">
  <value column="Name" original="Accounting Schema">Buchführungsschema</value>
  <value column="Description" original="Maintain Accounting Schema - For changes to become effective you must re-login">Verwaltung der Buchführungsschemata - Damit Änderungen wirksam werden, melden Sie sich bitte erneut an.</value>
  <value column="Help" original="The Accounting Schema Window defines an accounting method and the elements that will comprise an account structure. Create and activate elements for detailed accounting for Business Partners, Products, Locations, etc.&#10;Review and change the GL and Default accounts. The actual accounts used in transactions depend on the executing organization; Most of the information is derived from the context.">The Accounting Schema Window defines an accounting method and the elements that will comprise an account structure. Create and activate elements for detailed accounting for Business Партнерs, Products, Locations, etc.
Review and change the GL and Default accounts. The actual accounts used in transactions depend on the executing organization; Most of the information is derived from the context.</value>
 </row>
 <row id="180" trl="Y">
  <value column="Name" original="Verify completed Requisition">Abgeschlossene Bedarfsanforderung überprüfen</value>
  <value column="Description" original="Just a test case for a manual interaction.">Nur ein Testfall für eine manuelle Einwirkung</value>
  <value column="Help" original="Enter and maintain Material Requisitions">Enter and maintain Material Requisitions</value>
 </row>
 <row id="50000" trl="Y">
  <value column="Name" original="Manufacturing Workflow Setup">Einrichtung Fertigungs-Робочий процес</value>
  <value column="Description" original="Setup Manufacturing Workflow">Einrichtung Fertigungs-Робочий процес</value>
  <value column="Help" original=""/>
 </row>
 <row id="50001" trl="Y">
  <value column="Name" original="Discrete Manufacturing Setup">Einrichtung Diskrete Fertigung</value>
  <value column="Description" original="Setup Manufacturing Management">Einrichtung Товарionsplanung</value>
  <value column="Help" original=""/>
 </row>
 <row id="50002" trl="Y">
  <value column="Name" original="Bill of Material &amp; Formula Setup" xml:space="preserve"><![CDATA[Einrichtung Stückliste & Formel]]></value>
  <value column="Description" original="Setup Manufacturing Management">Einrichtung Товарionsplanung</value>
  <value column="Help" original=""/>
 </row>
 <row id="50003" trl="Y">
  <value column="Name" original="Warehouse &amp; Locators">Склад und Складorte</value>
  <value column="Description" original="Warehouse &amp; Locators">Склад und Складorte</value>
  <value column="Help" original=""/>
 </row>
 <row id="50004" trl="Y">
  <value column="Name" original="Resource Type">Ресурсиart</value>
  <value column="Description" original="Resource Type">Ресурсиart</value>
  <value column="Help" original=""/>
 </row>
 <row id="50005" trl="Y">
  <value column="Name" original="Manufacturing Робочий процесs">Fertigungs-Робочий процесs</value>
  <value column="Description" original="Manufacturing Workflows">Fertigungs-Робочий процесs</value>
  <value column="Help" original=""/>
 </row>
 <row id="50006" trl="Y">
  <value column="Name" original="Manufacturing Resource">Fertigungsressource</value>
  <value column="Description" original="Manufacturing Resource">Fertigungsressource</value>
  <value column="Help" original=""/>
 </row>
 <row id="50007" trl="Y">
  <value column="Name" original="Unit of Measure">Maßeinheit</value>
  <value column="Description" original="Maintain Unit of Measure ">Verwaltung Maßeinheiten</value>
  <value column="Help" original=""/>
 </row>
 <row id="50008" trl="Y">
  <value column="Name" original="Product">Artikel</value>
  <value column="Description" original="Maintain Products">Verwaltung Artikel</value>
  <value column="Help" original=""/>
 </row>
 <row id="50009" trl="Y">
  <value column="Name" original="Material Requirement Planning Setup">Einrichtung Materialbedarfsplanung (MBP)</value>
  <value column="Description" original="Setup Material Requirement Planning">Einrichtung Materialbedarfsplanung</value>
  <value column="Help" original=""/>
 </row>
 <row id="50010" trl="Y">
  <value column="Name" original="Capacity Requirement Planning Setup">Einrichtung Kapazitätsplanung (KP) </value>
  <value column="Description" original="Setup Capacity Requirement Planning">Einrichtung Kapazitätsplanung</value>
  <value column="Help" original=""/>
 </row>
 <row id="50011" trl="Y">
  <value column="Name" original="Forecast">Prognose</value>
  <value column="Description" original="Forecast">Prognose</value>
  <value column="Help" original=""/>
 </row>
 <row id="50012" trl="Y">
  <value column="Name" original="Manufacturing Management Setup">Einrichtung Товарionsplanung</value>
  <value column="Description" original="MRP is a set of techniques which uses Bills of Material, Inventory Data, and the Master Production Schedule to calculate requirements for materials.">Die MBP kalkuliert den Materialbedarf anhand von Stücklisten, Bestandsdaten und mit Hilfe des Masterproduktionsplans.</value>
  <value column="Help" original=""/>
 </row>
 <row id="50013" trl="Y">
  <value column="Name" original="Notice">Statusmeldung</value>
  <value column="Description" original="MRP is a set of techniques which uses Bills of Material, Inventory Data, and the Master Production Schedule to calculate requirements for materials.">Die MBP kalkuliert den Materialbedarf anhand von Stücklisten, Bestandsdaten und mit Hilfe des Masterproduktionsplans.</value>
  <value column="Help" original=""/>
 </row>
 <row id="50014" trl="Y">
  <value column="Name" original="Discrete Manufacturing Setup">Einrichtung Diskrete Fertigung</value>
  <value column="Description" original="MRP is a set of techniques which uses Bills of Material, Inventory Data, and the Master Production Schedule to calculate requirements for materials.">Die MBP kalkuliert den Materialbedarf anhand von Stücklisten, Bestandsdaten und mit Hilfe des Masterproduktionsplans.</value>
  <value column="Help" original=""/>
 </row>
 <row id="50015" trl="Y">
  <value column="Name" original="Material Requirement Planning Setup">Einrichtung Materialbedarfsplanung (MBP)</value>
  <value column="Description" original="Setup Material Requirement Planning">Einrichtung Materialbedarfsplanung</value>
  <value column="Help" original=""/>
 </row>
 <row id="50016" trl="Y">
  <value column="Name" original="Manufacturing Робочий процес Setup">Einrichtung Fertigungs-Робочий процес</value>
  <value column="Description" original="Setup Manufacturing Workflow">Einrichtung Fertigungs-Робочий процес</value>
  <value column="Help" original=""/>
 </row>
 <row id="50017" trl="Y">
  <value column="Name" original="Calculate Capacity Plan">Kapazitätsplan berechnen</value>
  <value column="Description" original="Calculate Capacity Plan">Kapazitätsplan berechnen</value>
  <value column="Help" original=""/>
 </row>
 <row id="50018" trl="Y">
  <value column="Name" original="Resource Load View">Ansicht Ресурсиauslastung</value>
  <value column="Description" original="It shows graphically of the required and available time for each manufacturing resource.">Stellt benötigte und verfügbare Zeit für jede Товарionsressource graphisch dar.</value>
  <value column="Help" original=""/>
 </row>
 <row id="50019" trl="Y">
  <value column="Name" original="Material Requirement Planning Setup">Einrichtung Materialbedarfsplanung (MBP)</value>
  <value column="Description" original="Setup Material Requirement Planning">Einrichtung Materialbedarfsplanung</value>
  <value column="Help" original=""/>
 </row>
 <row id="50020" trl="Y">
  <value column="Name" original="Manufacturing Management Setup">Einrichtung Товарionsplanung</value>
  <value column="Description" original="Setup Manufacturing Management">Einrichtung Товарionsplanung</value>
  <value column="Help" original=""/>
 </row>
 <row id="50021" trl="Y">
  <value column="Name" original="Distribution Management Setup">Einrichtung Distributionsmanagement</value>
  <value column="Description" original="Setup Distribution Management">Einrichtung Distributionsmanagement</value>
  <value column="Help" original=""/>
 </row>
 <row id="50022" trl="Y">
  <value column="Name" original="Planned Order Approval">Genehmigung Planaufträge</value>
  <value column="Description" original="Planned Order Approval">Genehmigung Planaufträge</value>
  <value column="Help" original=""/>
 </row>
 <row id="50023" trl="Y">
  <value column="Name" original="MRP Notice">MBP Meldung</value>
  <value column="Description" original="MRP Notice">MBP Meldung</value>
  <value column="Help" original=""/>
 </row>
 <row id="50024" trl="Y">
  <value column="Name" original="MRP Info">Info MBP</value>
  <value column="Description" original="MRP Info">Info MBP</value>
  <value column="Help" original=""/>
 </row>
 <row id="50025" trl="Y">
  <value column="Name" original="Calculate Distribution Plan">Distributionsplan berechnen</value>
  <value column="Description" original="Calculate Distribution Plan">Distributionsplan berechnen</value>
  <value column="Help" original=""/>
 </row>
 <row id="50027" trl="Y">
  <value column="Name" original="(DocComplete)">(Документ komplett)</value>
  <value column="Description" original="(Standard Node)">(Standardknoten)</value>
  <value column="Help" original=""/>
 </row>
 <row id="50028" trl="Y">
  <value column="Name" original="(DocPrepare)">(Документ vorbereiten)</value>
  <value column="Description" original="(Standard Node)">(Standardknoten)</value>
  <value column="Help" original=""/>
 </row>
 <row id="50029" trl="Y">
  <value column="Name" original="(Start)">(Start)</value>
  <value column="Description" original="(Standard Node)">(Standardknoten)</value>
  <value column="Help" original=""/>
 </row>
 <row id="50034" trl="Y">
  <value column="Name" original="Freight Category">Frachtkategorie</value>
  <value column="Description" original="Maintain Freight Categories">Verwaltung Frachtkategorien</value>
  <value column="Help" original=""/>
 </row>
 <row id="50035" trl="Y">
  <value column="Name" original="Inventory Move">Bestandsbewegung</value>
  <value column="Description" original="Inventory Move">Bestandsbewegung</value>
  <value column="Help" original=""/>
 </row>
 <row id="50036" trl="Y">
  <value column="Name" original="Shipper">Lieferart</value>
  <value column="Description" original="Maintain Shippers">Verwaltung Lieferarten</value>
  <value column="Help" original=""/>
 </row>
 <row id="50049" trl="Y">
  <value column="Name" original="Multi Level BOM &amp; Formula Detail" xml:space="preserve"><![CDATA[Mehrstufige Stückliste & Formel Details]]></value>
  <value column="Description" original="Shows in two different panels the parent-component relationship for the product entered in the Product field.">Zeigt die Eltern-Komponente-Beziehung für den im Artikelfeld angegebenen Artikel in zwei verschiedenen Fensterbereichen.</value>
  <value column="Help" original=""/>
 </row>
 <row id="50050" trl="Y">
  <value column="Name" original="BOM &amp; Formula Info" xml:space="preserve"><![CDATA[ Stückliste & Formel Info]]></value>
  <value column="Description" original="Shows in two different panels the parent-component relationship for the product entered in the Product field.">Zeigt die Eltern-Komponente-Beziehung für den im Artikelfeld angegebenen Artikel in zwei verschiedenen Fensterbereichen.</value>
  <value column="Help" original=""/>
 </row>
 <row id="50051" trl="Y">
  <value column="Name" original="Bill of Materials &amp; Formula" xml:space="preserve"><![CDATA[Stückliste & Formel]]></value>
  <value column="Description" original="Maintain Product Bill of Materials &amp; Formula " xml:space="preserve"><![CDATA[Artikel Stückliste & Formel verwalten]]></value>
  <value column="Help" original=""/>
 </row>
 <row id="50052" trl="Y">
  <value column="Name" original="Product Planning">Товарplanung</value>
  <value column="Description" original="Product Planning">Товарplanung</value>
  <value column="Help" original=""/>
 </row>
 <row id="50053" trl="Y">
  <value column="Name" original="Calculate Low Level">Vorstufe berechnen</value>
  <value column="Description" original="MRP is a set of techniques which uses Bills of Material, Inventory Data, and the Master Production Schedule to calculate requirements for materials.">Die MBP kalkuliert den Materialbedarf anhand von Stücklisten, Bestandsdaten und mit Hilfe des Masterproduktionsplans.</value>
  <value column="Help" original=""/>
 </row>
 <row id="50054" trl="Y">
  <value column="Name" original="Calculate Material Plan">Materialplan berechnen</value>
  <value column="Description" original="MRP is a set of techniques which uses Bills of Material, Inventory Data, and the Master Production Schedule to calculate requirements for materials.">Die MBP kalkuliert den Materialbedarf anhand von Stücklisten, Bestandsdaten und mit Hilfe des Masterproduktionsplans.</value>
  <value column="Help" original=""/>
 </row>
 <row id="50055" trl="Y">
  <value column="Name" original="Planned Order Approval">Genehmigung Planaufträge</value>
  <value column="Description" original="MRP is a set of techniques which uses Bills of Material, Inventory Data, and the Master Production Schedule to calculate requirements for materials.">Die MBP kalkuliert den Materialbedarf anhand von Stücklisten, Bestandsdaten und mit Hilfe des Masterproduktionsplans.</value>
  <value column="Help" original=""/>
 </row>
 <row id="50056" trl="Y">
  <value column="Name" original="MRP Info">Info MBP</value>
  <value column="Description" original="MRP is a set of techniques which uses Bills of Material, Inventory Data, and the Master Production Schedule to calculate requirements for materials.">Die MBP kalkuliert den Materialbedarf anhand von Stücklisten, Bestandsdaten und mit Hilfe des Masterproduktionsplans.</value>
  <value column="Help" original=""/>
 </row>
 <row id="50057" trl="Y">
  <value column="Name" original="Print &amp; Release Order">Замовлення клієнта drucken und freigeben</value>
  <value column="Description" original="Print &amp; Release Order">Замовлення клієнта drucken und freigeben</value>
  <value column="Help" original=""/>
 </row>
 <row id="50058" trl="Y">
  <value column="Name" original="Order Receipt &amp; Issue" xml:space="preserve"><![CDATA[Order Receipt & Issue]]></value>
  <value column="Description" original="Order Receipt &amp; Issue" xml:space="preserve"><![CDATA[Order Receipt & Issue]]></value>
  <value column="Help" original=""/>
 </row>
 <row id="50059" trl="Y">
  <value column="Name" original="Manufacturing Order">Arbeitsauftrag</value>
  <value column="Description" original="Manufacturing Order">Arbeitsauftrag</value>
  <value column="Help" original=""/>
 </row>
 <row id="50060" trl="Y">
  <value column="Name" original="Component Check">Komponenten überprüfen</value>
  <value column="Description" original="Component Check">Komponenten überprüfen</value>
  <value column="Help" original=""/>
 </row>
 <row id="50061" trl="Y">
  <value column="Name" original="Generate Movement">Bewegung erzeugen</value>
  <value column="Description" original="Generate and print Movement from open Distribution Orders">Erzeugen Sie Bestandsbewegungen aus offenen Distributionsaufträgen und drucken Sie diese.</value>
  <value column="Help" original=""/>
 </row>
 <row id="50062" trl="Y">
  <value column="Name" original="Generate Movement Manual">Bewegung manuell erzeugen</value>
  <value column="Description" original="Generate Movement to a Order Distribution">Bestandsbewegung zu einem Distributionsauftrag erzeugen</value>
  <value column="Help" original=""/>
 </row>
 <row id="50063" trl="Y">
  <value column="Name" original="Distribution Order">Distributionsauftrag</value>
  <value column="Description" original="Distribution Order allow create Order inter warehouse to supply a demand ">Mit dem "Distributionsauftrag" erstellen Sie einen Zwischenlagerauftrag, um eine Nachfrage zu bedienen.</value>
  <value column="Help" original=""/>
 </row>
 <row id="50064" trl="Y">
  <value column="Name" original="Імпорт Proccesor">Імпортprozessor</value>
  <value column="Description" original="Import Proccesor">Імпортprozessor</value>
  <value column="Help" original=""/>
 </row>
 <row id="50065" trl="Y">
  <value column="Name" original="Імпорт Processor Type">Typ Імпортprozessor</value>
  <value column="Description" original="Import Processor Type">Typ Імпортprozessor</value>
  <value column="Help" original=""/>
 </row>
 <row id="50066" trl="Y">
  <value column="Name" original="Експорт Format">Експортformat</value>
  <value column="Description" original="Export Format">Експортformat</value>
  <value column="Help" original=""/>
 </row>
 <row id="50067" trl="Y">
  <value column="Name" original="Експорт Processor">Експортprozessor</value>
  <value column="Description" original="Export Processor">Експортprozessor</value>
  <value column="Help" original=""/>
 </row>
 <row id="50068" trl="Y">
  <value column="Name" original="Експорт Processor Type">Typ Експортprozessor</value>
  <value column="Description" original="Export Processor Type">Typ Експортprozessor</value>
  <value column="Help" original=""/>
 </row>
 <row id="50069" trl="Y">
  <value column="Name" original="Replication Strategy">Replikationsstrategie</value>
  <value column="Description" original="Replication Strategy">Replikationsstrategie</value>
  <value column="Help" original=""/>
 </row>
 <row id="50074" trl="Y">
  <value column="Name" original="Payroll">Lohn- und Gehaltsabrechnung</value>
  <value column="Description" original=""/>
 </row>
 <row id="50075" trl="Y">
  <value column="Name" original="Payroll Concept Category">Gehaltsabrechnung Konzeptkategorie</value>
  <value column="Description" original=""/>
 </row>
 <row id="50076" trl="Y">
  <value column="Name" original="Payroll Contract">Gehaltsabrechnung Договір</value>
  <value column="Description" original=""/>
 </row>
 <row id="50077" trl="Y">
  <value column="Name" original="Payroll Process">Gehaltsabrechnung Prozess</value>
  <value column="Description" original=""/>
 </row>
 <row id="50078" trl="Y">
  <value column="Name" original="Payroll Table">Gehaltsabrechnung Tabelle</value>
  <value column="Description" original=""/>
 </row>
 <row id="50079" trl="Y">
  <value column="Name" original="Payroll Department">Gehaltsabrechnung Abteilung</value>
  <value column="Description" original=""/>
 </row>
 <row id="50080" trl="Y">
  <value column="Name" original="Payroll Employee">Gehaltsabrechnung Mitarbeiter</value>
  <value column="Description" original=""/>
 </row>
 <row id="50081" trl="Y">
  <value column="Name" original="Payroll Action Notice">Gehaltsabrechnung Aktionshinweis</value>
  <value column="Description" original=""/>
  <value column="Help" original=""/>
 </row>
 <row id="50082" trl="Y">
  <value column="Name" original="Payroll Table Type">Gehaltsabrechnung Tabellentyp</value>
  <value column="Description" original=""/>
 </row>
 <row id="50083" trl="Y">
  <value column="Name" original="Payroll Job">Gehaltsabrechnung Stellen</value>
  <value column="Description" original=""/>
 </row>
 <row id="50084" trl="Y">
  <value column="Name" original="Payroll Concept Catalog">Gehaltsabrechnung Konzeptkatalog</value>
  <value column="Description" original=""/>
 </row>
 <row id="50099" trl="Y">
  <value column="Name" original="(DocAuto)">(Документ Auto)</value>
  <value column="Description" original=""/>
  <value column="Help" original=""/>
 </row>
 <row id="50100" trl="Y">
  <value column="Name" original="(DocComplete)">(Документ komplett)</value>
  <value column="Description" original=""/>
  <value column="Help" original=""/>
 </row>
 <row id="50101" trl="Y">
  <value column="Name" original="(DocPrepare)">(Документ vorbereiten)</value>
  <value column="Description" original=""/>
  <value column="Help" original=""/>
 </row>
 <row id="50102" trl="Y">
  <value column="Name" original="(Start)">(Start)</value>
  <value column="Description" original=""/>
  <value column="Help" original=""/>
 </row>
 <row id="50103" trl="Y">
  <value column="Name" original="Activation Approval">Genehmigung Aktivierung</value>
  <value column="Description" original="Approve asset activation">Aktivierung des Vermögenswerts genehmigen</value>
 </row>
 <row id="50104" trl="Y">
  <value column="Name" original="(DocAuto)">(Документ Auto)</value>
  <value column="Description" original=""/>
  <value column="Help" original=""/>
 </row>
 <row id="50105" trl="Y">
  <value column="Name" original="(DocComplete)">(Документ komplett)</value>
  <value column="Description" original=""/>
  <value column="Help" original=""/>
 </row>
 <row id="50106" trl="Y">
  <value column="Name" original="(DocPrepare)">(Документ vorbereiten)</value>
  <value column="Description" original=""/>
  <value column="Help" original=""/>
 </row>
 <row id="50107" trl="Y">
  <value column="Name" original="(Start)">(Start)</value>
  <value column="Description" original=""/>
  <value column="Help" original=""/>
 </row>
 <row id="50108" trl="Y">
  <value column="Name" original="(DocAuto)">(Документ Auto)</value>
  <value column="Description" original=""/>
  <value column="Help" original=""/>
 </row>
 <row id="50109" trl="Y">
  <value column="Name" original="(DocComplete)">(Документ komplett)</value>
  <value column="Description" original=""/>
  <value column="Help" original=""/>
 </row>
 <row id="50110" trl="Y">
  <value column="Name" original="(DocPrepare)">(Документ vorbereiten)</value>
  <value column="Description" original=""/>
  <value column="Help" original=""/>
 </row>
 <row id="50111" trl="Y">
  <value column="Name" original="(Start)">(Start)</value>
  <value column="Description" original=""/>
  <value column="Help" original=""/>
 </row>
 <row id="50112" trl="Y">
  <value column="Name" original="(DocAuto)">(Документ Auto)</value>
  <value column="Description" original=""/>
  <value column="Help" original=""/>
 </row>
 <row id="50113" trl="Y">
  <value column="Name" original="(DocComplete)">(Документ komplett)</value>
  <value column="Description" original=""/>
  <value column="Help" original=""/>
 </row>
 <row id="50114" trl="Y">
  <value column="Name" original="(DocPrepare)">(Документ vorbereiten)</value>
  <value column="Description" original=""/>
  <value column="Help" original=""/>
 </row>
 <row id="50115" trl="Y">
  <value column="Name" original="(Start)">(Start)</value>
  <value column="Description" original=""/>
  <value column="Help" original=""/>
 </row>
 <row id="50116" trl="Y">
  <value column="Name" original="(Start)">(Start)</value>
  <value column="Description" original=""/>
  <value column="Help" original=""/>
 </row>
 <row id="50117" trl="Y">
  <value column="Name" original="(DocAuto)">(Документ Auto)</value>
  <value column="Description" original=""/>
  <value column="Help" original=""/>
 </row>
 <row id="50118" trl="Y">
  <value column="Name" original="(DocComplete)">(Документ komplett)</value>
  <value column="Description" original=""/>
  <value column="Help" original=""/>
 </row>
 <row id="50119" trl="Y">
  <value column="Name" original="(DocPrepare)">(Документ vorbereiten)</value>
  <value column="Description" original=""/>
  <value column="Help" original=""/>
 </row>
</idempiereTrl>
