<?xml version="1.0" encoding="UTF-8" standalone="no"?>
<!--iDempiere(r) Release 1.0a_2012-10-31 -Smart Suite ERP, CRM and SCM- (c) 1999-2012 iDempiere(r); Implementation: iDempiere - Supported by iDempiere community-->
<!--<!DOCTYPE idempiereTrl PUBLIC "-//ComPiere, Inc.//DTD iDempiere Translation 1.0//EN" "http://www.idempiere.com/dtd/idempiereTrl.dtd">-->
<idempiereTrl language="uk_UA" table="C_Charge">
 <row id="100" trl="Y">
  <value column="Name" original="Bank Charge">Банкgebühr</value>
  <value column="Description" original=""/>
 </row>
 <row id="101" trl="Y">
  <value column="Name" original="Commissions Paid">Gezahlte Provisionen</value>
  <value column="Description" original=""/>
 </row>
</idempiereTrl>
