<?xml version="1.0" encoding="UTF-8" standalone="no"?>
<!--iDempiere(r) Release 1.0a_2012-10-31 -Smart Suite ERP, CRM and SCM- (c) 1999-2012 iDempiere(r); Implementation: iDempiere - Supported by iDempiere community-->
<!--<!DOCTYPE idempiereTrl PUBLIC "-//ComPiere, Inc.//DTD iDempiere Translation 1.0//EN" "http://www.idempiere.com/dtd/idempiereTrl.dtd">-->
<idempiereTrl language="uk_UA" table="C_DunningLevel">
 <row id="100" trl="Y">
  <value column="PrintName" original="Statement">Kontoauszug</value>
  <value column="Note" original="Please review your statement and submit due payments.">Bitte überprüfen Sie Ihren Kontoauszug und überweisen Sie die fälligen Платіжen.</value>
 </row>
 <row id="101" trl="Y">
  <value column="PrintName" original="Dunning Letter">Mahnung</value>
  <value column="Note" original="Please pay the due invoices immediately">Bitte begleichen Sie umgehend die fälligen Рахунок-фактураen</value>
 </row>
</idempiereTrl>
