<?xml version="1.0" encoding="UTF-8" standalone="no"?>
<!--iDempiere(r) Release 1.0a_2012-10-31 -Smart Suite ERP, CRM and SCM- (c) 1999-2012 iDempiere(r); Implementation: iDempiere - Supported by iDempiere community-->
<!--<!DOCTYPE idempiereTrl PUBLIC "-//ComPiere, Inc.//DTD iDempiere Translation 1.0//EN" "http://www.idempiere.com/dtd/idempiereTrl.dtd">-->
<idempiereTrl language="uk_UA" table="C_ElementValue">
 <row id="419" trl="Y">
  <value column="Name" original="Tree Farm Payable">Verbindlichkeiten Tree Farm</value>
  <value column="Description" original="Tree Farm Payable">Verbindlichkeiten Tree Farm</value>
 </row>
 <row id="421" trl="Y">
  <value column="Name" original="Sideline Revenue">Nebeneinkommen</value>
  <value column="Description" original=""/>
 </row>
 <row id="422" trl="Y">
  <value column="Name" original="Royalties Revenue">Lizenzeinnahmen</value>
  <value column="Description" original=""/>
 </row>
 <row id="423" trl="Y">
  <value column="Name" original="Unearned revenue">Nicht realisierter Gewinn</value>
  <value column="Description" original="We have invoiced, but not delivered yet">Wurde berechnet, aber noch nicht geliefert</value>
 </row>
 <row id="424" trl="Y">
  <value column="Name" original="Not invoiced revenue">Nicht berechneter Gewinn</value>
  <value column="Description" original="We delivered but have not invoiced yet">Geliefert, aber noch nicht berechnet</value>
 </row>
 <row id="425" trl="Y">
  <value column="Name" original="Other Revenue">Sonstige Erträge</value>
  <value column="Description" original=""/>
 </row>
 <row id="426" trl="Y">
  <value column="Name" original="Trade Discounts">Handelsrabatte</value>
  <value column="Description" original="Granted Trade discounts (corrects Product Revenue)">Gewährte Handelsrabatte (korrigieren den Artikelertrag)</value>
 </row>
 <row id="427" trl="Y">
  <value column="Name" original="Payment discount revenue">Konto Rabatt-/Skontoertrag</value>
  <value column="Description" original="Granted early payment discount to customers">Клієнтnrabatte für frühe Платіж</value>
 </row>
 <row id="428" trl="Y">
  <value column="Name" original="Promotion Discounts">Promotionrabatte</value>
  <value column="Description" original=""/>
 </row>
 <row id="429" trl="Y">
  <value column="Name" original="Cost of Goods Sold">Umsatzaufwendungen</value>
  <value column="Description" original=""/>
 </row>
 <row id="430" trl="Y">
  <value column="Name" original="Product CoGs">Umsatzaufwendungen Artikel</value>
  <value column="Description" original="Cost of Goods Sold">Umsatzaufwendungen</value>
 </row>
 <row id="431" trl="Y">
  <value column="Name" original="Product Expense">Artikelaufwand</value>
  <value column="Description" original="Default Product or Service costs (I.e. not on inventory)">Standard Artikel- oder Dienstleistungskosten (d.h. nicht im Bestand enthalten)</value>
 </row>
 <row id="432" trl="Y">
  <value column="Name" original="Services Purchases">Закупівлі Сервісs</value>
  <value column="Description" original=""/>
 </row>
 <row id="433" trl="Y">
  <value column="Name" original="Sideline Purchases">Nebeneinkäufe</value>
  <value column="Description" original=""/>
 </row>
 <row id="434" trl="Y">
  <value column="Name" original="Freight in">Fracht in</value>
  <value column="Description" original=""/>
 </row>
 <row id="435" trl="Y">
  <value column="Name" original="Returns">Retouren</value>
  <value column="Description" original=""/>
 </row>
 <row id="436" trl="Y">
  <value column="Name" original="Returns Expense">Aufwendungen Retouren</value>
  <value column="Description" original=""/>
 </row>
 <row id="437" trl="Y">
  <value column="Name" original="Returns to Vendors">Retouren an Постачальникen</value>
  <value column="Description" original=""/>
 </row>
 <row id="438" trl="Y">
  <value column="Name" original="Inventory CoGs">Umsatzaufwendungen Bestand</value>
  <value column="Description" original=""/>
 </row>
 <row id="439" trl="Y">
  <value column="Name" original="Inventory Shrinkage">Bestandsminderungen</value>
  <value column="Description" original="Physical Inventory Gain/Loss">Gewinn/Verlust Інвентаризація</value>
 </row>
 <row id="440" trl="Y">
  <value column="Name" original="Inventory Write Down Below Cost">Abschreibungen auf den Bestand unter Selbstkosten</value>
  <value column="Description" original=""/>
 </row>
 <row id="441" trl="Y">
  <value column="Name" original="Inventory Adjustment">Bestandskorrektur</value>
  <value column="Description" original="Inventory Actual Accounting Value Adjustment">Проведення einer tatsächlichen Bestandsneubewertung</value>
 </row>
 <row id="442" trl="Y">
  <value column="Name" original="Inventory Revaluation">Bestandsumbewertung</value>
  <value column="Description" original="Difference to (lower cost) or market">Differenz zu niedrigeren Витрати oder Märkten</value>
 </row>
 <row id="443" trl="Y">
  <value column="Name" original="CoGS Variances">Abweichung Umsatzaufwendungen</value>
  <value column="Description" original=""/>
 </row>
 <row id="444" trl="Y">
  <value column="Name" original="Invoice price variance">Abweichung Рахунок-фактураspreis</value>
  <value column="Description" original="Difference between product cost and invoice price (IPV)">Differenz Artikelkosten - Рахунок-фактураspreis (IPV)</value>
 </row>
 <row id="445" trl="Y">
  <value column="Name" original="Purchase price variance">Abweichung Закупівліspreis</value>
  <value column="Description" original="Difference between purchase price and standard costs (PPV)">Differenz Закупівліspreis - Standardkosten (PPV)</value>
 </row>
 <row id="446" trl="Y">
  <value column="Name" original="CoGs/Sales Discounts">Umsatzkosten/Verkaufsrabatte</value>
  <value column="Description" original=""/>
 </row>
 <row id="447" trl="Y">
  <value column="Name" original="Trade discounts received">Erhaltene Rabatte</value>
  <value column="Description" original="Received Trade Discounts (corrects Product expense)">Erhaltene Handelsrabatte korrigieren den Artikelaufwand</value>
 </row>
 <row id="448" trl="Y">
  <value column="Name" original="Payment discount revenue">Konto Rabatt-/Skontoertrag</value>
  <value column="Description" original="Granted early payment discount from vendors">Von Постачальникen gewährte Rabatte für frühe Платіж, Skonto</value>
 </row>
 <row id="449" trl="Y">
  <value column="Name" original="Expenses">Aufwand</value>
  <value column="Description" original=""/>
 </row>
 <row id="450" trl="Y">
  <value column="Name" original="Payroll Expenses">Gehaltsaufwendungen</value>
  <value column="Description" original=""/>
 </row>
 <row id="451" trl="Y">
  <value column="Name" original="Salaries">Gehälter</value>
  <value column="Description" original=""/>
 </row>
 <row id="452" trl="Y">
  <value column="Name" original="Vacation Pay">Urlaubsgeld</value>
  <value column="Description" original=""/>
 </row>
 <row id="453" trl="Y">
  <value column="Name" original="Vacation Pay Owners">Eigentümer Urlaubsgeld</value>
  <value column="Description" original=""/>
 </row>
 <row id="454" trl="Y">
  <value column="Name" original="Sick Pay Owners">Eigentümer Krankengeld</value>
  <value column="Description" original=""/>
 </row>
 <row id="455" trl="Y">
  <value column="Name" original="Retirement (Pension, Profit Sharing, 401k)">Renten (Altersrenten, Gewinnbeteiligung, 401k)</value>
  <value column="Description" original=""/>
 </row>
 <row id="456" trl="Y">
  <value column="Name" original="FICA Tax Owners">Eigentümer Lohnsteuer</value>
  <value column="Description" original=""/>
 </row>
 <row id="457" trl="Y">
  <value column="Name" original="Federal/State Unemployment">Bundes-/Staatliche Arbeitslosenversicherung</value>
  <value column="Description" original=""/>
 </row>
 <row id="458" trl="Y">
  <value column="Name" original="Federal/State Unemployment Owners">Eigentümer Bundes-/Staatliche Arbeitslosenversicherung</value>
  <value column="Description" original=""/>
 </row>
 <row id="459" trl="Y">
  <value column="Name" original="Health Insurance Premium Owners">Eigentümer einer Premiumkrankenversicherung</value>
  <value column="Description" original=""/>
 </row>
 <row id="460" trl="Y">
  <value column="Name" original="Health Insurance Employee Contribution">Arbeitnehmerbeitrag zur Krankenversicherung</value>
  <value column="Description" original=""/>
 </row>
 <row id="461" trl="Y">
  <value column="Name" original="Health Insurance Cobra Payments">Krankenversicherung Cobra-Платіжen</value>
  <value column="Description" original=""/>
 </row>
 <row id="462" trl="Y">
  <value column="Name" original="Workers Compensation Insurance">Arbeitnehmerunfallversicherung</value>
  <value column="Description" original=""/>
 </row>
 <row id="463" trl="Y">
  <value column="Name" original="Disability Insurance Premium">Berufsunfähigkeitsversicherung</value>
  <value column="Description" original=""/>
 </row>
 <row id="464" trl="Y">
  <value column="Name" original="Disability Insurance Premium Owners">Eigentümer Berufsunfähigkeitsversicherungsprämie</value>
  <value column="Description" original=""/>
 </row>
 <row id="465" trl="Y">
  <value column="Name" original="Disability Insurance Employee Contribution">Arbeitnehmerbeitrag zur Berufsunfähigkeitsversicherung</value>
  <value column="Description" original=""/>
 </row>
 <row id="466" trl="Y">
  <value column="Name" original="Life Insurance Premium">Premiumlebensversicherung</value>
  <value column="Description" original=""/>
 </row>
 <row id="467" trl="Y">
  <value column="Name" original="Life Insurance Premium Owners">Eigentümer Lebensversicherungsprämie</value>
  <value column="Description" original=""/>
 </row>
 <row id="468" trl="Y">
  <value column="Name" original="Life Insurance Employee Contribution">Arbeitnehmerbeitrag zur Lebensversicherung</value>
  <value column="Description" original=""/>
 </row>
 <row id="469" trl="Y">
  <value column="Name" original="Other Benefit Expense">Andere Aufwendungen für Nebenleistungen</value>
  <value column="Description" original=""/>
 </row>
 <row id="470" trl="Y">
  <value column="Name" original="Staff Gifts &amp; Perks"><![CDATA[Personalvergünstigungen & Sozialleistungen]]></value>
  <value column="Description" original=""/>
 </row>
 <row id="471" trl="Y">
  <value column="Name" original="Staff Picnic (100% Deductible)">Betriebsessen (zu 100 % absetzbar)</value>
  <value column="Description" original=""/>
 </row>
 <row id="472" trl="Y">
  <value column="Name" original="Payroll Processing Expense">Aufwendungen für die Gehaltsabrechnung</value>
  <value column="Description" original=""/>
 </row>
 <row id="473" trl="Y">
  <value column="Name" original="Occupancy Cost">Nutzungskosten</value>
  <value column="Description" original=""/>
 </row>
 <row id="474" trl="Y">
  <value column="Name" original="Rent Expense">Mietaufwendungen</value>
  <value column="Description" original=""/>
 </row>
 <row id="475" trl="Y">
  <value column="Name" original="Utilities">Nebenkosten</value>
  <value column="Description" original=""/>
 </row>
 <row id="476" trl="Y">
  <value column="Name" original="Other Occupancy Costs">Weitere Aufwendungen für Betriebskosten</value>
  <value column="Description" original=""/>
 </row>
 <row id="477" trl="Y">
  <value column="Name" original="Advertising">Werbung</value>
  <value column="Description" original=""/>
 </row>
 <row id="478" trl="Y">
  <value column="Name" original="Media Advertising">Werbemedien</value>
  <value column="Description" original=""/>
 </row>
 <row id="479" trl="Y">
  <value column="Name" original="Catalog, Newsletter">Kataloge, Newsletter</value>
  <value column="Description" original=""/>
 </row>
 <row id="480" trl="Y">
  <value column="Name" original="Events">Veranstaltungen</value>
  <value column="Description" original=""/>
 </row>
 <row id="481" trl="Y">
  <value column="Name" original="Web Hosting">Webhosting</value>
  <value column="Description" original=""/>
 </row>
 <row id="482" trl="Y">
  <value column="Name" original="Other Advertising &amp; Promotion"><![CDATA[Sonstige Werbungs- & Aktionskosten]]></value>
  <value column="Description" original=""/>
 </row>
 <row id="483" trl="Y">
  <value column="Name" original="Vendor Advertising Allowances">Vergütungen für Werbung durch Постачальникen</value>
  <value column="Description" original=""/>
 </row>
 <row id="484" trl="Y">
  <value column="Name" original="Telephone">Telefon</value>
  <value column="Description" original=""/>
 </row>
 <row id="485" trl="Y">
  <value column="Name" original="Mobile Telephone">Mobiltelefon</value>
  <value column="Description" original=""/>
 </row>
 <row id="486" trl="Y">
  <value column="Name" original="Network Charges">Netzgebühren</value>
  <value column="Description" original=""/>
 </row>
 <row id="487" trl="Y">
  <value column="Name" original="Legal Fees">Rechtliche Abgaben</value>
  <value column="Description" original=""/>
 </row>
 <row id="488" trl="Y">
  <value column="Name" original="Accounting Fees">Gebührenabrechnung</value>
  <value column="Description" original=""/>
 </row>
 <row id="489" trl="Y">
  <value column="Name" original="Inventory Verification Fees">Gebühren für Інвентаризаціяprüfungen</value>
  <value column="Description" original=""/>
 </row>
 <row id="490" trl="Y">
  <value column="Name" original="Stationary &amp; Supplies"><![CDATA[Bürobedarf & Zubehör]]></value>
  <value column="Description" original=""/>
 </row>
 <row id="491" trl="Y">
  <value column="Name" original="Stationary &amp; Supplies - Office Use">Bürobedarf - Bürogebrauch</value>
  <value column="Description" original=""/>
 </row>
 <row id="492" trl="Y">
  <value column="Name" original="Janitorial Supplies">Hausmeisterbedarf</value>
  <value column="Description" original=""/>
 </row>
 <row id="493" trl="Y">
  <value column="Name" original="Data Processing Supplies">EDV-Bedarf</value>
  <value column="Description" original=""/>
 </row>
 <row id="494" trl="Y">
  <value column="Name" original="Data Processing Rental">Datenbearbeitung Miete</value>
  <value column="Description" original=""/>
 </row>
 <row id="495" trl="Y">
  <value column="Name" original="Outside Computer Сервісs">Externe EDV-Dienstleistungen</value>
  <value column="Description" original=""/>
 </row>
 <row id="496" trl="Y">
  <value column="Name" original="Depreciation Expense">Aufwendungen für Abschreibungen</value>
  <value column="Description" original=""/>
 </row>
 <row id="497" trl="Y">
  <value column="Name" original="Building Depreciation">Abschreibungen auf Gebäude</value>
  <value column="Description" original=""/>
 </row>
 <row id="498" trl="Y">
  <value column="Name" original="Leasehold Improvement Depreciation">Abschreibungen auf die Aufwertung von Mietgrundstücken</value>
  <value column="Description" original=""/>
 </row>
 <row id="499" trl="Y">
  <value column="Name" original="Furniture Depreciation">Abschreibungen auf Möbel</value>
  <value column="Description" original=""/>
 </row>
 <row id="500" trl="Y">
  <value column="Name" original="Fixtures Depreciation">Abschreibungen auf Inventar</value>
  <value column="Description" original=""/>
 </row>
 <row id="501" trl="Y">
  <value column="Name" original="Equipment Depreciation">Abschreibungen auf Betriebseinrichtung</value>
  <value column="Description" original=""/>
 </row>
 <row id="502" trl="Y">
  <value column="Name" original="Data Processing Equipment Depreciation">Abschreibung EDV-Ausstattung</value>
  <value column="Description" original=""/>
 </row>
 <row id="503" trl="Y">
  <value column="Name" original="Software Depreciation">Abschreibungen auf Software</value>
  <value column="Description" original=""/>
 </row>
 <row id="504" trl="Y">
  <value column="Name" original="Business Travel">Geschäftsreisen</value>
  <value column="Description" original=""/>
 </row>
 <row id="505" trl="Y">
  <value column="Name" original="Business Travel - Auto Reimbursement">Rückvergütung Geschäftsreisen</value>
  <value column="Description" original=""/>
 </row>
 <row id="506" trl="Y">
  <value column="Name" original="Assets">Vermögenswerte</value>
  <value column="Description" original=""/>
 </row>
 <row id="507" trl="Y">
  <value column="Name" original="Cash">Bargeld</value>
  <value column="Description" original=""/>
 </row>
 <row id="508" trl="Y">
  <value column="Name" original="Checking Account">Girokonto</value>
  <value column="Description" original="Bank Asset">Anlagekonto Банк</value>
 </row>
 <row id="509" trl="Y">
  <value column="Name" original="Checking In-Transfer">Überprüfung von Transaktionen</value>
  <value column="Description" original="Bank transactions in transit">Банкtransaktionen (noch nicht abgeschlossen)</value>
 </row>
 <row id="510" trl="Y">
  <value column="Name" original="Checking Unidentified Receipts">Überprüfung nicht identifizierter Платіжseingänge</value>
  <value column="Description" original="Receipts from unidentified customer">Платіжseingänge nicht identifizierbarer Клієнтn</value>
 </row>
 <row id="511" trl="Y">
  <value column="Name" original="Checking Unallocated Receipts">Überprüfung nicht zuzuordnender Платіжseingänge</value>
  <value column="Description" original="Received, unallocated payments">Empfangene, nicht zugeordnete Платіжen</value>
 </row>
 <row id="512" trl="Y">
  <value column="Name" original="Checking Account 2">Girokonto 2</value>
  <value column="Description" original=""/>
 </row>
 <row id="513" trl="Y">
  <value column="Name" original="Savings Account">Sparkonto</value>
  <value column="Description" original=""/>
 </row>
 <row id="514" trl="Y">
  <value column="Name" original="Cash in Registers">Касаnbestand</value>
  <value column="Description" original=""/>
 </row>
 <row id="515" trl="Y">
  <value column="Name" original="Petty Cash">Portokasse</value>
  <value column="Description" original="Cash Book Asset">Касаnbuch Haben</value>
 </row>
 <row id="516" trl="Y">
  <value column="Name" original="Petty Cash In-Transfer">Portokasse in Transfer</value>
  <value column="Description" original="Cash Book Transfer">Касаnbuchtransaktionen</value>
 </row>
 <row id="517" trl="Y">
  <value column="Name" original="Accounts Receivable">Дебіториkonten</value>
  <value column="Description" original=""/>
 </row>
 <row id="518" trl="Y">
  <value column="Name" original="Accounts Receivable - Trade">Дебіториkonten - Handel</value>
  <value column="Description" original="Accounts Receivables">Дебіториkonten</value>
 </row>
 <row id="519" trl="Y">
  <value column="Name" original="A/R Non Sufficient Funds Returned Checks">Kontrollen nicht ausreichender Eingänge für FaLL</value>
  <value column="Description" original=""/>
 </row>
 <row id="520" trl="Y">
  <value column="Name" original="A/R Trade Allowance for Bad Debit">Nachlass auf ungedeckte Lastschriften FaLL</value>
  <value column="Description" original=""/>
 </row>
 <row id="521" trl="Y">
  <value column="Name" original="Not invoiced receivables">Nicht berechnete Forderungen</value>
  <value column="Description" original="We delivered but have not invoiced yet">Geliefert, aber noch nicht berechnet</value>
 </row>
 <row id="522" trl="Y">
  <value column="Name" original="Credit Card in Transit">Kreditkartenbuchvorgänge</value>
  <value column="Description" original=""/>
 </row>
 <row id="523" trl="Y">
  <value column="Name" original="In Transit A/R Amex">Amexbuchvorgänge FaLL</value>
  <value column="Description" original=""/>
 </row>
 <row id="524" trl="Y">
  <value column="Name" original="In Transit A/R Master Card">Mastercardbuchvorgänge FaLL</value>
  <value column="Description" original=""/>
 </row>
 <row id="525" trl="Y">
  <value column="Name" original="In Transit A/R Visa">Visabuchvorgänge FaLL</value>
  <value column="Description" original=""/>
 </row>
 <row id="526" trl="Y">
  <value column="Name" original="A/R Credit Cards Allowance for Bad Debit">Wertberichtigung auf uneinbringliche FaLL</value>
  <value column="Description" original=""/>
 </row>
 <row id="527" trl="Y">
  <value column="Name" original="Vendor Allowances Receivable">Forderungen aus Vergünstigungen für Постачальникen</value>
  <value column="Description" original=""/>
 </row>
 <row id="528" trl="Y">
  <value column="Name" original="Loans Receivable">Forderungen aus Krediten</value>
  <value column="Description" original=""/>
 </row>
 <row id="529" trl="Y">
  <value column="Name" original="Loans Receivable Employees">Forderungen aus Krediten an Mitarbeiter</value>
  <value column="Description" original=""/>
 </row>
 <row id="530" trl="Y">
  <value column="Name" original="Loans Receivable Others">Sonstige Forderungen aus Krediten</value>
  <value column="Description" original=""/>
 </row>
 <row id="531" trl="Y">
  <value column="Name" original="Prepayments">Vorauszahlungen</value>
  <value column="Description" original=""/>
 </row>
 <row id="532" trl="Y">
  <value column="Name" original="Vendor prepayment">Vorauszahlungen an Постачальникen</value>
  <value column="Description" original="Prepayments for future expense">Vorauszahlungen für künftige Витрати</value>
 </row>
 <row id="533" trl="Y">
  <value column="Name" original="Employee Expense Prepayment">Aufwendungen für Vorauszahlungen an Mitarbeiter</value>
  <value column="Description" original="Expense advances">Aufwendungen für Vorschüsse</value>
 </row>
 <row id="534" trl="Y">
  <value column="Name" original="Tax credit A/R">Податокgutschrift FaLL</value>
  <value column="Description" original="Tax to be reimbursed - before tax declaration">Податокrückerstattung vor Податокerklärung</value>
 </row>
 <row id="535" trl="Y">
  <value column="Name" original="Tax receivables">Forderungen aus Податокn</value>
  <value column="Description" original="Tax to receive based on tax declaration">Податокforderungen auf Basis der Податокerklärung</value>
 </row>
 <row id="536" trl="Y">
  <value column="Name" original="A/R Miscellaneous">Sonstige</value>
  <value column="Description" original=""/>
 </row>
 <row id="537" trl="Y">
  <value column="Name" original="Investments">Investitionen</value>
  <value column="Description" original=""/>
 </row>
 <row id="538" trl="Y">
  <value column="Name" original="US Government Obligations">US-Regierungsobligationen</value>
  <value column="Description" original=""/>
 </row>
 <row id="539" trl="Y">
  <value column="Name" original="Tax-Exempt Securities">Податокfreie Wertpapiere</value>
  <value column="Description" original=""/>
 </row>
 <row id="540" trl="Y">
  <value column="Name" original="Other Investments">Andere Investitionen</value>
  <value column="Description" original=""/>
 </row>
 <row id="541" trl="Y">
  <value column="Name" original="Inventory">Bestand</value>
  <value column="Description" original=""/>
 </row>
 <row id="542" trl="Y">
  <value column="Name" original="Prepaid Expenses, Deposits &amp; Other Current Assets">Vorauszahlungen, Einlagen, und anderes Umlaufvermögen</value>
  <value column="Description" original=""/>
 </row>
 <row id="543" trl="Y">
  <value column="Name" original="Prepaid Expenses">Vorauszahlungen</value>
  <value column="Description" original=""/>
 </row>
 <row id="544" trl="Y">
  <value column="Name" original="Prepaid Insurance">Im Voraus gezahlte Versicherungen</value>
  <value column="Description" original=""/>
 </row>
 <row id="545" trl="Y">
  <value column="Name" original="Prepaid Rent">Im Voraus gezahlte Miete</value>
  <value column="Description" original=""/>
 </row>
 <row id="546" trl="Y">
  <value column="Name" original="Prepaid Interest">Im Voraus gezahlte Zinsen</value>
  <value column="Description" original=""/>
 </row>
 <row id="547" trl="Y">
  <value column="Name" original="Prepaid Others">Sonstige Vorauszahlungen</value>
  <value column="Description" original=""/>
 </row>
 <row id="548" trl="Y">
  <value column="Name" original="Deposits">Einlagen</value>
  <value column="Description" original=""/>
 </row>
 <row id="549" trl="Y">
  <value column="Name" original="Deposit Rent">Mietkaution</value>
  <value column="Description" original=""/>
 </row>
 <row id="550" trl="Y">
  <value column="Name" original="Deposit Utilities">Einlagen Betriebsmittel</value>
  <value column="Description" original=""/>
 </row>
 <row id="551" trl="Y">
  <value column="Name" original="Deposit Others">Sonstige Einlagen</value>
  <value column="Description" original=""/>
 </row>
 <row id="552" trl="Y">
  <value column="Name" original="Other Current Assets">Sonstiges Umlaufvermögen</value>
  <value column="Description" original=""/>
 </row>
 <row id="553" trl="Y">
  <value column="Name" original="Other Current Assets">Sonstiges Umlaufvermögen</value>
  <value column="Description" original=""/>
 </row>
 <row id="554" trl="Y">
  <value column="Name" original="Land and Building">Grundstücke und Gebäude</value>
  <value column="Description" original=""/>
 </row>
 <row id="555" trl="Y">
  <value column="Name" original="Land">Grundstücke</value>
  <value column="Description" original=""/>
 </row>
 <row id="556" trl="Y">
  <value column="Name" original="Building">Gebäude</value>
  <value column="Description" original=""/>
 </row>
 <row id="557" trl="Y">
  <value column="Name" original="Land Improvements">Grundstücksverbesserungen</value>
  <value column="Description" original=""/>
 </row>
 <row id="558" trl="Y">
  <value column="Name" original="Building Improvements">Gebäudeverbesserungen</value>
  <value column="Description" original=""/>
 </row>
 <row id="559" trl="Y">
  <value column="Name" original="Leasehold Improvements">Bestandteile der Mietgrundstücke</value>
  <value column="Description" original=""/>
 </row>
 <row id="560" trl="Y">
  <value column="Name" original="Furniture, Fixtures &amp; Equipment"><![CDATA[Möbel, Inventar & Betriebsmittel]]></value>
  <value column="Description" original=""/>
 </row>
 <row id="561" trl="Y">
  <value column="Name" original="Furniture">Möbel</value>
  <value column="Description" original=""/>
 </row>
 <row id="562" trl="Y">
  <value column="Name" original="Fixtures">Inventar</value>
  <value column="Description" original=""/>
 </row>
 <row id="563" trl="Y">
  <value column="Name" original="Equipment">Ausrüstung</value>
  <value column="Description" original=""/>
 </row>
 <row id="564" trl="Y">
  <value column="Name" original="Vehicles">Fahrzeuge</value>
  <value column="Description" original=""/>
 </row>
 <row id="565" trl="Y">
  <value column="Name" original="Data Processing Equipment">EDV-Ausrüstung</value>
  <value column="Description" original=""/>
 </row>
 <row id="566" trl="Y">
  <value column="Name" original="Software">Software</value>
  <value column="Description" original=""/>
 </row>
 <row id="567" trl="Y">
  <value column="Name" original="Project asset">Проєктanlagen</value>
  <value column="Description" original="Created Asset">Geschaffener Vermögenswert</value>
 </row>
 <row id="568" trl="Y">
  <value column="Name" original="Project WIP">Проєкт unfertige Arbeiten</value>
  <value column="Description" original="Asset Work in Progress">Vermögenswerte unfertige Arbeiten</value>
 </row>
 <row id="569" trl="Y">
  <value column="Name" original="Building Accumulated Depreciation">Akkumulierte Abschreibung auf Gebäude</value>
  <value column="Description" original=""/>
 </row>
 <row id="570" trl="Y">
  <value column="Name" original="Land Improvement Accumulated Depreciation">Akkumulierte Abschreibungen Aufwertung von Mietgrundstücken</value>
  <value column="Description" original=""/>
 </row>
 <row id="571" trl="Y">
  <value column="Name" original="Building Improvement Accumulated Depreciation">Akkumulierte Abschreibungen Aufwertung Gebäude</value>
  <value column="Description" original=""/>
 </row>
 <row id="572" trl="Y">
  <value column="Name" original="Furniture Accumulated Depreciation">Akkumulierte Abschreibungen auf Möbel</value>
  <value column="Description" original=""/>
 </row>
 <row id="573" trl="Y">
  <value column="Name" original="Fixtures Accumulated Depreciation">Akkumulierte Abschreibungen auf Inventar</value>
  <value column="Description" original=""/>
 </row>
 <row id="574" trl="Y">
  <value column="Name" original="Equipment Accumulated Depreciation">Akkumulierte Abschreibungen auf Betriebsmittel</value>
  <value column="Description" original=""/>
 </row>
 <row id="575" trl="Y">
  <value column="Name" original="Vehicles Accumulated Depreciation">Akkumulierte Abschreibungen auf den Fuhrpark</value>
  <value column="Description" original=""/>
 </row>
 <row id="576" trl="Y">
  <value column="Name" original="Data Processing Equipment Accumulated Depreciation">EDV-Ausrüstung kumulierte Abschreibungen</value>
  <value column="Description" original=""/>
 </row>
 <row id="577" trl="Y">
  <value column="Name" original="Other Assets">Andere Vermögenswerte</value>
  <value column="Description" original=""/>
 </row>
 <row id="578" trl="Y">
  <value column="Name" original="Intangible Assets">Immaterielle Vermögenswerte</value>
  <value column="Description" original=""/>
 </row>
 <row id="579" trl="Y">
  <value column="Name" original="Amortizable Assets">Abschreibungsfähige Vermögenswerte</value>
  <value column="Description" original=""/>
 </row>
 <row id="580" trl="Y">
  <value column="Name" original="Customer Lists">Клієнтnlisten</value>
  <value column="Description" original=""/>
 </row>
 <row id="581" trl="Y">
  <value column="Name" original="Other Intangible Assets">Andere immaterielle Vermögenswerte</value>
  <value column="Description" original=""/>
 </row>
 <row id="582" trl="Y">
  <value column="Name" original="Accumulated Amortization">Akkumulierte Abschreibungen</value>
  <value column="Description" original=""/>
 </row>
 <row id="583" trl="Y">
  <value column="Name" original="Other Assets">Andere Vermögenswerte</value>
  <value column="Description" original=""/>
 </row>
 <row id="584" trl="Y">
  <value column="Name" original="Liabilities">Verbindlichkeiten</value>
  <value column="Description" original=""/>
 </row>
 <row id="585" trl="Y">
  <value column="Name" original="Accounts Payables">Konten Verbindlichkeiten</value>
  <value column="Description" original=""/>
 </row>
 <row id="586" trl="Y">
  <value column="Name" original="Accounts Payables Trade">Konten Verbindlichkeiten Handel</value>
  <value column="Description" original=""/>
 </row>
 <row id="587" trl="Y">
  <value column="Name" original="Not invoiced receipts">Nicht berechnete Eingänge</value>
  <value column="Description" original="Received products/services from vendors, but not invoiced">Von Постачальникen empfangene, aber nicht berechnete Artikel/Dienstleistungen</value>
 </row>
 <row id="588" trl="Y">
  <value column="Name" original="Accounts Payable Services">Konten Сервісverbindlichkeiten</value>
  <value column="Description" original="Accounts Payables for non-product revenue">Konto Verbindlichkeiten aus nicht produktbezogenen Einnahmen</value>
 </row>
 <row id="589" trl="Y">
  <value column="Name" original="Payment selection">Nicht zugeordnete Ausgangszahlungen</value>
  <value column="Description" original="Selected A/P invoices for payment">Ausgewählte VaLL-Рахунок-фактураen für Платіж</value>
 </row>
 <row id="590" trl="Y">
  <value column="Name" original="Customer Payables">Verbindlichkeiten gegenüber Клієнтn</value>
  <value column="Description" original=""/>
 </row>
 <row id="591" trl="Y">
  <value column="Name" original="Merchandise Credits Unredeemed">Uneingelöste Einnahmen aus Waren</value>
  <value column="Description" original=""/>
 </row>
 <row id="592" trl="Y">
  <value column="Name" original="Gift Certificated Unredeemed">Noch nicht eingelöste, geprüfte Geschenke</value>
  <value column="Description" original=""/>
 </row>
 <row id="593" trl="Y">
  <value column="Name" original="Special Order Deposits">Einlagen Spezialaufträge</value>
  <value column="Description" original=""/>
 </row>
 <row id="594" trl="Y">
  <value column="Name" original="Mail Order Deposits">Einlagen Mailaufträge</value>
  <value column="Description" original=""/>
 </row>
 <row id="595" trl="Y">
  <value column="Name" original="Tax Payables">Податокverbindlichkeiten</value>
  <value column="Description" original=""/>
 </row>
 <row id="596" trl="Y">
  <value column="Name" original="Tax due">Fällige Податок</value>
  <value column="Description" original="Tax to be paid - before tax declaration">Податокverbindlichkeiten vor Податокerklärung</value>
 </row>
 <row id="597" trl="Y">
  <value column="Name" original="Tax liability">Податокschuld</value>
  <value column="Description" original="Tax to be paid based on tax declaration">Податокverbindlichkeiten laut Податокerklärung</value>
 </row>
 <row id="598" trl="Y">
  <value column="Name" original="Withholding (Tax)">Einbehalt (Податок)</value>
  <value column="Description" original="Withholding for 1099 or Quality Guarantee">Einbehalt für 1099 oder Qualitätsgarantie</value>
 </row>
 <row id="599" trl="Y">
  <value column="Name" original="Withholding (Other)">Einbehalt (Sonstige)</value>
  <value column="Description" original=""/>
 </row>
 <row id="600" trl="Y">
  <value column="Name" original="Intercompany Due To">Zwischenbetriebliche Verbindlichkeiten</value>
  <value column="Description" original="Default Payables account for intercompany trx">Standardverbindlichkeitskonto für zwischenbetriebliche Transaktionen</value>
 </row>
 <row id="601" trl="Y">
  <value column="Name" original="Accrued Expenses">Витратиrückstellungen</value>
  <value column="Description" original=""/>
 </row>
 <row id="602" trl="Y">
  <value column="Name" original="Accrued Payroll">Zurückgestellte Löhne</value>
  <value column="Description" original=""/>
 </row>
 <row id="603" trl="Y">
  <value column="Name" original="Payroll Withholdings">Einbehalt Gehaltsabrechnungen</value>
  <value column="Description" original=""/>
 </row>
 <row id="604" trl="Y">
  <value column="Name" original="Federal Tax Withholding">Einbehalt Bundessteuer</value>
  <value column="Description" original=""/>
 </row>
 <row id="605" trl="Y">
  <value column="Name" original="FICA Withholding">Einbehalt FICA</value>
  <value column="Description" original=""/>
 </row>
 <row id="606" trl="Y">
  <value column="Name" original="Medicare Withholding">Einbehalt staatliche Krankenversicherung</value>
  <value column="Description" original=""/>
 </row>
 <row id="607" trl="Y">
  <value column="Name" original="State Tax Withholding">Einbehalt Ländersteuer</value>
  <value column="Description" original=""/>
 </row>
 <row id="608" trl="Y">
  <value column="Name" original="Local Tax Withholding">Einbehalt Lokalsteuer</value>
  <value column="Description" original=""/>
 </row>
 <row id="609" trl="Y">
  <value column="Name" original="401k &amp; Pension Withholding"><![CDATA[401k & Pensionseinbehalt]]></value>
  <value column="Description" original=""/>
 </row>
 <row id="610" trl="Y">
  <value column="Name" original="Garnishment Withholding">Einbehalt Pfändung</value>
  <value column="Description" original=""/>
 </row>
 <row id="611" trl="Y">
  <value column="Name" original="Miscellaneous Withholding">Einbehalt Sonstiger</value>
  <value column="Description" original=""/>
 </row>
 <row id="612" trl="Y">
  <value column="Name" original="Accrued Payroll Taxes">Zurückgestellte Lohnsteuer</value>
  <value column="Description" original=""/>
 </row>
 <row id="613" trl="Y">
  <value column="Name" original="Federal Unemployment Employers Contribution">Beiträge zur Arbeitslosenversicherung Bund</value>
  <value column="Description" original=""/>
 </row>
 <row id="614" trl="Y">
  <value column="Name" original="State Unemployment Employers Contribution">Beiträge zur staatlichen Arbeitslosenversicherung</value>
  <value column="Description" original=""/>
 </row>
 <row id="615" trl="Y">
  <value column="Name" original="Sales Tax Collected">Gesamte Umsatzsteuer</value>
  <value column="Description" original=""/>
 </row>
 <row id="616" trl="Y">
  <value column="Name" original="Accrued Retirement Plan Expense">Zurückgestellte Aufwendungen für den Pensionsplan</value>
  <value column="Description" original=""/>
 </row>
 <row id="617" trl="Y">
  <value column="Name" original="Accrued Expenses Others">Zurückgestellte andere Aufwendungen</value>
  <value column="Description" original=""/>
 </row>
 <row id="618" trl="Y">
  <value column="Name" original="Short Term Obligation">Kurzfristige Verpflichtungen</value>
  <value column="Description" original=""/>
 </row>
 <row id="619" trl="Y">
  <value column="Name" original="Current Portion of Long Term Debt">Kurzfristiger Anteil an langfristigen Darlehen</value>
  <value column="Description" original=""/>
 </row>
 <row id="620" trl="Y">
  <value column="Name" original="Long Term Liabilities">Langfristige Verbindlichkeiten</value>
  <value column="Description" original=""/>
 </row>
 <row id="621" trl="Y">
  <value column="Name" original="Mortgage">Hypotheken</value>
  <value column="Description" original=""/>
 </row>
 <row id="622" trl="Y">
  <value column="Name" original="Loan from Owner/Stockholder">Darlehen des Besitzers/Anteilseigners</value>
  <value column="Description" original=""/>
 </row>
 <row id="623" trl="Y">
  <value column="Name" original="Other Long Term Obligation">Andere langfristige Verbindlichkeiten</value>
  <value column="Description" original=""/>
 </row>
 <row id="624" trl="Y">
  <value column="Name" original="Owner's Equity/Net Worth">Eigenkapital (Nettowert)</value>
  <value column="Description" original=""/>
 </row>
 <row id="625" trl="Y">
  <value column="Name" original="Capital">Kapital</value>
  <value column="Description" original=""/>
 </row>
 <row id="626" trl="Y">
  <value column="Name" original="Capital/Common Stock">Kapital/Stammkapital</value>
  <value column="Description" original=""/>
 </row>
 <row id="627" trl="Y">
  <value column="Name" original="Capital in excess of Par on Common Stock">Kapital über Nennwert des Stammkapitals</value>
  <value column="Description" original=""/>
 </row>
 <row id="628" trl="Y">
  <value column="Name" original="Capital in excess of Par on Preferred Stock">Kapital über Nennwert der Vorzugsaktien</value>
  <value column="Description" original=""/>
 </row>
 <row id="629" trl="Y">
  <value column="Name" original="Earnings">Erträge</value>
  <value column="Description" original=""/>
 </row>
 <row id="630" trl="Y">
  <value column="Name" original="Drawings">Trassierungen</value>
  <value column="Description" original=""/>
 </row>
 <row id="631" trl="Y">
  <value column="Name" original="Retained Earnings">Gewinnrücklagen</value>
  <value column="Description" original="Year end processing to balance account (Income Summary)">Jahresendabrechnung um Konto zu saldieren (Einkommenszusammenfassung)</value>
 </row>
 <row id="632" trl="Y">
  <value column="Name" original="Sales">Verkauf</value>
  <value column="Description" original=""/>
 </row>
 <row id="633" trl="Y">
  <value column="Name" original="Сервісs Revenue">Ertrag aus Сервісs</value>
  <value column="Description" original=""/>
 </row>
 <row id="634" trl="Y">
  <value column="Name" original="Direct Labor">Direkte Arbeit</value>
  <value column="Description" original=""/>
 </row>
 <row id="635" trl="Y">
  <value column="Name" original="Purchase price variance Offset">Verrechnung Abweichung Закупівліspreis</value>
  <value column="Description" original="Offset Account for Purchase price variance (PPV)">Verrechnungskonto für Abweichung Закупівліspreis (PPV).</value>
 </row>
 <row id="636" trl="Y">
  <value column="Name" original="Wages Owners">Löhne Eigentümer</value>
  <value column="Description" original=""/>
 </row>
 <row id="637" trl="Y">
  <value column="Name" original="Sick Pay">Krankengeld</value>
  <value column="Description" original=""/>
 </row>
 <row id="638" trl="Y">
  <value column="Name" original="FICA Tax">FICA Податокn</value>
  <value column="Description" original=""/>
 </row>
 <row id="639" trl="Y">
  <value column="Name" original="Health Insurance Premium">Krankenversicherungsbeitrag</value>
  <value column="Description" original=""/>
 </row>
 <row id="640" trl="Y">
  <value column="Name" original="Joint Advertising">Gemeinsame Werbung</value>
  <value column="Description" original=""/>
 </row>
 <row id="641" trl="Y">
  <value column="Name" original="Telephone and Communications">Telefon und Kommunikation</value>
  <value column="Description" original=""/>
 </row>
 <row id="642" trl="Y">
  <value column="Name" original="Professional Сервісs">Professionelle Сервісs</value>
  <value column="Description" original=""/>
 </row>
 <row id="643" trl="Y">
  <value column="Name" original="Other Consulting Fees">Sonstige Beratungsgebühren</value>
  <value column="Description" original=""/>
 </row>
 <row id="644" trl="Y">
  <value column="Name" original="Data Processing">Datenverarbeitung</value>
  <value column="Description" original=""/>
 </row>
 <row id="645" trl="Y">
  <value column="Name" original="Data Processing Other Expense">Sonstige Aufwendungen für Datenverarbeitung</value>
  <value column="Description" original=""/>
 </row>
 <row id="646" trl="Y">
  <value column="Name" original="Building Improvement Depreciation">Abschreibungen zur Aufwertung von Gebäuden</value>
  <value column="Description" original=""/>
 </row>
 <row id="647" trl="Y">
  <value column="Name" original="Vehicles Depreciation">Abschreibungen auf den Fuhrpark</value>
  <value column="Description" original=""/>
 </row>
 <row id="648" trl="Y">
  <value column="Name" original="Business Travel - Plane/Train/Taxi">Geschäftsreisen - Flugzeug/Zug/Taxi</value>
  <value column="Description" original=""/>
 </row>
 <row id="649" trl="Y">
  <value column="Name" original="Business Travel - Hotel">Geschäftsreisen - Hotel</value>
  <value column="Description" original=""/>
 </row>
 <row id="650" trl="Y">
  <value column="Name" original="Business Meals &amp; Entertainment (50%)">Geschäftsessen und Unterhaltung (50%)</value>
  <value column="Description" original=""/>
 </row>
 <row id="651" trl="Y">
  <value column="Name" original="Staff Meeting Food (100%)">Essen Personalbesprechungen (100 %)</value>
  <value column="Description" original=""/>
 </row>
 <row id="652" trl="Y">
  <value column="Name" original="Employee expense">Mitarbeiterkosten</value>
  <value column="Description" original="Default employee expenses">Standardmitarbeiterkosten</value>
 </row>
 <row id="653" trl="Y">
  <value column="Name" original="Business Travel Other Expense">Sonstige Aufwendungen für Geschäftsreisen</value>
  <value column="Description" original=""/>
 </row>
 <row id="654" trl="Y">
  <value column="Name" original="Insurance">Versicherung</value>
  <value column="Description" original=""/>
 </row>
 <row id="655" trl="Y">
  <value column="Name" original="Business Insurance">Geschäftsversicherung</value>
  <value column="Description" original=""/>
 </row>
 <row id="656" trl="Y">
  <value column="Name" original="Real Estate Insurance">Gebäudeversicherung</value>
  <value column="Description" original=""/>
 </row>
 <row id="657" trl="Y">
  <value column="Name" original="Vehicle Insurance">Fahrzeugversicherung</value>
  <value column="Description" original=""/>
 </row>
 <row id="658" trl="Y">
  <value column="Name" original="Other Insurance">Andere Versicherungen</value>
  <value column="Description" original=""/>
 </row>
 <row id="659" trl="Y">
  <value column="Name" original="Payment Processor Costs">Витрати für Платіжsprogramme</value>
  <value column="Description" original=""/>
 </row>
 <row id="660" trl="Y">
  <value column="Name" original="Credit Card Сервіс Charges">Gebühren für Kreditkartenservice</value>
  <value column="Description" original=""/>
 </row>
 <row id="661" trl="Y">
  <value column="Name" original="Банк Сервіс Charges">Gebühren für Банкservices</value>
  <value column="Description" original="Bank expenses">Aufwendungen Банк</value>
 </row>
 <row id="662" trl="Y">
  <value column="Name" original="Other Payment Service Charges">Andere Gebühren für den Платіжsverkehr</value>
  <value column="Description" original=""/>
 </row>
 <row id="663" trl="Y">
  <value column="Name" original="Dues &amp; Subscription">Abgaben und Abonnements</value>
  <value column="Description" original=""/>
 </row>
 <row id="664" trl="Y">
  <value column="Name" original="Association Membership Fees">Gebühren für Mitgliedschaften</value>
  <value column="Description" original=""/>
 </row>
 <row id="665" trl="Y">
  <value column="Name" original="Subscription Fees">Gebühren für Abonnements</value>
  <value column="Description" original=""/>
 </row>
 <row id="666" trl="Y">
  <value column="Name" original="Office Expense">Aufwendungen Büro</value>
  <value column="Description" original=""/>
 </row>
 <row id="667" trl="Y">
  <value column="Name" original="Office Expense">Aufwendungen Büro</value>
  <value column="Description" original=""/>
 </row>
 <row id="668" trl="Y">
  <value column="Name" original="Posting &amp; Shipping">Post und Transport</value>
  <value column="Description" original=""/>
 </row>
 <row id="669" trl="Y">
  <value column="Name" original="Postage Expense">Aufwendungen Post</value>
  <value column="Description" original=""/>
 </row>
 <row id="670" trl="Y">
  <value column="Name" original="Customer Postage Fees Received">Von Клієнтn getragene Postgebühren</value>
  <value column="Description" original=""/>
 </row>
 <row id="671" trl="Y">
  <value column="Name" original="Shipping Expenses">Aufwendungen Transport</value>
  <value column="Description" original=""/>
 </row>
 <row id="672" trl="Y">
  <value column="Name" original="Taxes and Licenses">Податокn und Lizenzen</value>
  <value column="Description" original=""/>
 </row>
 <row id="673" trl="Y">
  <value column="Name" original="Inventory &amp; Use Taxes">Bestands- und Gebrauchssteuern</value>
  <value column="Description" original=""/>
 </row>
 <row id="674" trl="Y">
  <value column="Name" original="Real Estate Taxes">Gebäudesteuern</value>
  <value column="Description" original=""/>
 </row>
 <row id="675" trl="Y">
  <value column="Name" original="Business Licenses &amp; Fees">Geschäftslizenzen und Gebühren</value>
  <value column="Description" original=""/>
 </row>
 <row id="676" trl="Y">
  <value column="Name" original="Education">Fortbildung</value>
  <value column="Description" original=""/>
 </row>
 <row id="677" trl="Y">
  <value column="Name" original="Education Travel">Fortbildungsreisen</value>
  <value column="Description" original=""/>
 </row>
 <row id="678" trl="Y">
  <value column="Name" original="Education Meals &amp; Entertainment (50%)">Fortbildungsverpflegung und Unterhaltung (50 %)</value>
  <value column="Description" original=""/>
 </row>
 <row id="679" trl="Y">
  <value column="Name" original="Education Other">Weitere Fortbildungsmaßnahmen</value>
  <value column="Description" original=""/>
 </row>
 <row id="680" trl="Y">
  <value column="Name" original="Office Equipment Rent">Miete für Betriebsmittel Büro</value>
  <value column="Description" original=""/>
 </row>
 <row id="681" trl="Y">
  <value column="Name" original="Store Equipment Rent">Miete für Betriebsmittel Geschäft</value>
  <value column="Description" original=""/>
 </row>
 <row id="682" trl="Y">
  <value column="Name" original="Repairs &amp; Maintenance">Reparaturen und Verwaltung</value>
  <value column="Description" original=""/>
 </row>
 <row id="683" trl="Y">
  <value column="Name" original="Building Repairs &amp; Maintenance">Gebäudereparaturen und -verwaltung</value>
  <value column="Description" original=""/>
 </row>
 <row id="684" trl="Y">
  <value column="Name" original="Furniture, Equipment Repairs &amp; Maintenance">Verwaltung und Reparaturen von Möbeln, Zubehör </value>
  <value column="Description" original=""/>
 </row>
 <row id="685" trl="Y">
  <value column="Name" original="Software Maintenance">Softwarewartung</value>
  <value column="Description" original=""/>
 </row>
 <row id="686" trl="Y">
  <value column="Name" original="Vehicle Repairs &amp; Maintenance"><![CDATA[Fahrzeugreparaturen & Обслуговування]]></value>
  <value column="Description" original=""/>
 </row>
 <row id="687" trl="Y">
  <value column="Name" original="Repairs &amp; Maintenance Other">Sonstige Reparaturen und Обслуговуванняen</value>
  <value column="Description" original=""/>
 </row>
 <row id="688" trl="Y">
  <value column="Name" original="Other Operating Expenses">Sonstige Betriebskosten</value>
  <value column="Description" original=""/>
 </row>
 <row id="689" trl="Y">
  <value column="Name" original="Collection Expense">Aufwendungen gesamt</value>
  <value column="Description" original=""/>
 </row>
 <row id="690" trl="Y">
  <value column="Name" original="Petty Cash Over/Short">Handkassenbuch Überschuss/Mangel</value>
  <value column="Description" original="Petty Cash Differences">Differenzen Handkassenbuch</value>
 </row>
 <row id="691" trl="Y">
  <value column="Name" original="Recruitment Costs">Витрати Personalbeschaffung</value>
  <value column="Description" original=""/>
 </row>
 <row id="692" trl="Y">
  <value column="Name" original="Vehicle Expense">Aufwendungen Fuhrpark</value>
  <value column="Description" original=""/>
 </row>
 <row id="693" trl="Y">
  <value column="Name" original="Amortization Expense">Aufwendungen Amortisation</value>
  <value column="Description" original=""/>
 </row>
 <row id="694" trl="Y">
  <value column="Name" original="Franchise Fee / Royalty Fees">Franchisegebühren/Tantiemen</value>
  <value column="Description" original=""/>
 </row>
 <row id="695" trl="Y">
  <value column="Name" original="Miscellaneous Expense">Sonstige Aufwendungen</value>
  <value column="Description" original=""/>
 </row>
 <row id="696" trl="Y">
  <value column="Name" original="Default/Suspense Accounts">Standard-/Durchgangskonten</value>
  <value column="Description" original="Temporary accounts - balance should be zero">Temporäre Konten - Saldo sollte Null sein</value>
 </row>
 <row id="697" trl="Y">
  <value column="Name" original="Default account">Standardkonto</value>
  <value column="Description" original="Default Account (if no other account is defined) V1.1">Standardkonto (wenn keine anderes Konto festgelegt wurde) V1.1</value>
 </row>
 <row id="698" trl="Y">
  <value column="Name" original="Suspense balancing">Rundungsdifferenzen</value>
  <value column="Description" original="Difference to make journal balance in source currency - needs to be solved">Differenz zur Darstellung des Journalsaldos in Ausgangswährung - muss behoben werden</value>
 </row>
 <row id="699" trl="Y">
  <value column="Name" original="Suspense error">Durchlaufende Posten</value>
  <value column="Description" original="Import did not find account - needs to be solved">Kein Konto für Імпорт gefunden - muss geklärt werden</value>
 </row>
 <row id="700" trl="Y">
  <value column="Name" original="Cash book expense">Касаnbuch Aufwendungen</value>
  <value column="Description" original="Default other expense for petty cash transactions">Andere Standardaufwendungen für Bargeldtransaktionen</value>
 </row>
 <row id="701" trl="Y">
  <value column="Name" original="Cash book receipts">Касаnbuch Eingänge</value>
  <value column="Description" original="Default other revenue for petty cash transactions">Andere Standarderträge für Bargeldtransaktionen</value>
 </row>
 <row id="702" trl="Y">
  <value column="Name" original="Charge expense">Aufwendungen Gebühren</value>
  <value column="Description" original="Default other expense">Andere Standardaufwendungen</value>
 </row>
 <row id="703" trl="Y">
  <value column="Name" original="Charge revenue">Gewinne Gebühren</value>
  <value column="Description" original="Default other revenue">Andere Standarderträge</value>
 </row>
 <row id="704" trl="Y">
  <value column="Name" original="Other Income">Sonstiges Einkommen</value>
  <value column="Description" original=""/>
 </row>
 <row id="705" trl="Y">
  <value column="Name" original="Interest Income">Einkommen aus Zinsen</value>
  <value column="Description" original="Bank interest revenue">Zinserträge Банк </value>
 </row>
 <row id="706" trl="Y">
  <value column="Name" original="Dividend Income">Erträge aus Dividenden</value>
  <value column="Description" original=""/>
 </row>
 <row id="707" trl="Y">
  <value column="Name" original="Rental Income">Mieterträge</value>
  <value column="Description" original=""/>
 </row>
 <row id="708" trl="Y">
  <value column="Name" original="Sales Tax Commission">Erträge aus Umsatzsteuer</value>
  <value column="Description" original=""/>
 </row>
 <row id="709" trl="Y">
  <value column="Name" original="Currency Gain">Валютаserträge</value>
  <value column="Description" original=""/>
 </row>
 <row id="710" trl="Y">
  <value column="Name" original="Банк revaluation gain">Gewinne aus Aufwertungen Банк</value>
  <value column="Description" original="Foreign currency bank account gain">Gewinne aus Fremdwährungskonten</value>
 </row>
 <row id="711" trl="Y">
  <value column="Name" original="Bank settlement gain">Gewinne aus Abfindungen Банк</value>
  <value column="Description" original="Difference between payment and bank account currency">Differenz zwischen Платіжs- und Kontowährung</value>
 </row>
 <row id="712" trl="Y">
  <value column="Name" original="Unrealized gain">Nicht realisierter Gewinn</value>
  <value column="Description" original="Difference between foreign currency receivables/payables and current rate">Differenz zwischen Forderungen in Fremdwährungen und tatsächlichem Kurs</value>
 </row>
 <row id="713" trl="Y">
  <value column="Name" original="Capital Gains Income">Einkommen aus Kapitalerträgen</value>
  <value column="Description" original=""/>
 </row>
 <row id="714" trl="Y">
  <value column="Name" original="Fixed Asset Sale Gain">Gewinne aus dem Verkauf von Sachanlagen</value>
  <value column="Description" original=""/>
 </row>
 <row id="715" trl="Y">
  <value column="Name" original="Other Income">Sonstiges Einkommen</value>
  <value column="Description" original=""/>
 </row>
 <row id="716" trl="Y">
  <value column="Name" original="Other Expense">Sonstige Aufwendungen</value>
  <value column="Description" original=""/>
 </row>
 <row id="717" trl="Y">
  <value column="Name" original="Interest Expense">Zinsaufwendungen</value>
  <value column="Description" original="Bank interest expense">Zinsaufwendungen Банк</value>
 </row>
 <row id="718" trl="Y">
  <value column="Name" original="Mortgage Interest Expense">Zinsaufwendungen für Hypotheken</value>
  <value column="Description" original=""/>
 </row>
 <row id="719" trl="Y">
  <value column="Name" original="Charitable Contributions">Gemeinnützige Beiträge</value>
  <value column="Description" original=""/>
 </row>
 <row id="720" trl="Y">
  <value column="Name" original="Currency Loss">Валютаsverluste</value>
  <value column="Description" original=""/>
 </row>
 <row id="721" trl="Y">
  <value column="Name" original="Банк revaluation loss">Verluste aus Abwertungen Банк</value>
  <value column="Description" original="Foreign currency bank account loss">Verluste aus Fremdwährungskonten</value>
 </row>
 <row id="722" trl="Y">
  <value column="Name" original="Unrealized loss">Nicht realisierter Verlust</value>
  <value column="Description" original="Difference between foreign currency receivables/payables and current rate">Differenz zwischen Forderungen in Fremdwährungen und tatsächlichem Kurs</value>
 </row>
 <row id="723" trl="Y">
  <value column="Name" original="Realized loss">Realisierter Verlust</value>
  <value column="Description" original="Difference between invoice and payment currency">Differenz zwischen Платіж und Платіжswährung</value>
 </row>
 <row id="724" trl="Y">
  <value column="Name" original="Currency balancing">Валютаsausgleich</value>
  <value column="Description" original="Rounding difference to make journal balance in accounting currency">Rundungsdifferenzen um in Проведенняswährung saldieren zu können</value>
 </row>
 <row id="725" trl="Y">
  <value column="Name" original="Capital Gains Loss">Verluste aus Kapitalerträgen</value>
  <value column="Description" original=""/>
 </row>
 <row id="726" trl="Y">
  <value column="Name" original="Fixed Asset Sale Loss">Fixes Asset Sale Loss</value>
  <value column="Description" original=""/>
 </row>
 <row id="727" trl="Y">
  <value column="Name" original="Other Expense">Sonstige Aufwendungen</value>
  <value column="Description" original=""/>
 </row>
 <row id="728" trl="Y">
  <value column="Name" original="Income Tax &amp; Summary">Einkommenssteuer und Zusammenfassung</value>
  <value column="Description" original=""/>
 </row>
 <row id="729" trl="Y">
  <value column="Name" original="State Income Tax">Staatliche Einkommenssteuer</value>
  <value column="Description" original=""/>
 </row>
 <row id="730" trl="Y">
  <value column="Name" original="Local Income Tax">Lokale Einkommenssteuer</value>
  <value column="Description" original=""/>
 </row>
 <row id="731" trl="Y">
  <value column="Name" original="Costing">Витратиrechnung</value>
  <value column="Description" original=""/>
 </row>
 <row id="732" trl="Y">
  <value column="Name" original="Profit Center Costing Distribution">Profitcenter Витратиrechnungsdistribution</value>
  <value column="Description" original=""/>
 </row>
 <row id="733" trl="Y">
  <value column="Name" original="Project Costing Distribution">Проєкт Витратиrechnungsdistribution</value>
  <value column="Description" original=""/>
 </row>
 <row id="734" trl="Y">
  <value column="Name" original="Commitment Accounting">Проведення der Zusagen</value>
  <value column="Description" original=""/>
 </row>
 <row id="735" trl="Y">
  <value column="Name" original="PO Encumbrance">Reservierung einer Замовлення постачальнику</value>
  <value column="Description" original=""/>
 </row>
 <row id="736" trl="Y">
  <value column="Name" original="PO Commitment">Bindende Замовлення постачальнику</value>
  <value column="Description" original=""/>
 </row>
 <row id="737" trl="Y">
  <value column="Name" original="SO Future Revenue">Spätere Erträge aus Замовлення клієнтівn</value>
  <value column="Description" original=""/>
 </row>
 <row id="738" trl="Y">
  <value column="Name" original="In Transit A/R ATM Cards">Банкkartenbuchvorgänge FaLL</value>
  <value column="Description" original=""/>
 </row>
 <row id="739" trl="Y">
  <value column="Name" original="Loans Receivable Owners/Shareholders">Forderungen aus Krediten an Eigentümer/Shareholders</value>
  <value column="Description" original=""/>
 </row>
 <row id="740" trl="Y">
  <value column="Name" original="Tax receivables">Forderungen aus Податокn</value>
  <value column="Description" original=""/>
 </row>
 <row id="741" trl="Y">
  <value column="Name" original="Intercompany Due From">Zwischenbetriebliche Forderungen</value>
  <value column="Description" original="Default Receivables account for intercompany trx">Standardforderungskonto für zwischenbetriebliche Transaktionen</value>
 </row>
 <row id="742" trl="Y">
  <value column="Name" original="Product asset">Artikelanlagen</value>
  <value column="Description" original="Product Inventory Account">Konto Warenbestand</value>
 </row>
 <row id="743" trl="Y">
  <value column="Name" original="Project Assets">Проєктanlagen</value>
  <value column="Description" original=""/>
 </row>
 <row id="744" trl="Y">
  <value column="Name" original="Accumulated Depreciation">Akkumulierte Abschreibung</value>
  <value column="Description" original=""/>
 </row>
 <row id="745" trl="Y">
  <value column="Name" original="Leasehold Improvement Accumulated Depreciation">Akkumulierte Abschreibungen Aufwertung von Mietgrundstücken</value>
  <value column="Description" original=""/>
 </row>
 <row id="746" trl="Y">
  <value column="Name" original="Software Accumulated Depreciation">Akkumulierte Abschreibung auf Software</value>
  <value column="Description" original=""/>
 </row>
 <row id="747" trl="Y">
  <value column="Name" original="Goodwill">Firmenwert</value>
  <value column="Description" original=""/>
 </row>
 <row id="748" trl="Y">
  <value column="Name" original="Cash Surrender Value of Life Insurance">Rückkaufwert von Lebensversicherungen</value>
  <value column="Description" original=""/>
 </row>
 <row id="749" trl="Y">
  <value column="Name" original="Accounts Payable Trade">Konten Verbindlichkeiten Handel</value>
  <value column="Description" original="Accounts Payables">Konten Verbindlichkeiten</value>
 </row>
 <row id="750" trl="Y">
  <value column="Name" original="Customer Prepayments">Abschlagszahlungen Клієнт</value>
  <value column="Description" original="Prepayments for future revenue">Vorauszahlungen für künftige Erträge</value>
 </row>
 <row id="751" trl="Y">
  <value column="Name" original="FICA Employers Contribution">FICA staatliche Arbeitslosenversicherung</value>
  <value column="Description" original=""/>
 </row>
 <row id="752" trl="Y">
  <value column="Name" original="Accrued Use Tax">Zurückgestellte Verbrauchssteuer</value>
  <value column="Description" original=""/>
 </row>
 <row id="753" trl="Y">
  <value column="Name" original="Current Note Payables">Verbindlichkeiten aus aktuellen Anleihen</value>
  <value column="Description" original=""/>
 </row>
 <row id="754" trl="Y">
  <value column="Name" original="Long Term Obligation">Langfristige Verbindlichkeiten</value>
  <value column="Description" original=""/>
 </row>
 <row id="755" trl="Y">
  <value column="Name" original="Current Portion of Long Term Debt">Kurzfristiger Anteil an langfristigen Darlehen</value>
  <value column="Description" original=""/>
 </row>
 <row id="756" trl="Y">
  <value column="Name" original="Preferred Stock">Bevorzugter Bestand</value>
  <value column="Description" original=""/>
 </row>
 <row id="757" trl="Y">
  <value column="Name" original="Dividends">Dividenden</value>
  <value column="Description" original=""/>
 </row>
 <row id="758" trl="Y">
  <value column="Name" original="Trade Revenue">Einnahmen Handel</value>
  <value column="Description" original="Default Product or Service revenue">Standarderträge für Artikel oder Dienstleistungen</value>
 </row>
 <row id="759" trl="Y">
  <value column="Name" original="Customer Package Expense">Aufwendungen für Клієнтnpackstück</value>
  <value column="Description" original=""/>
 </row>
 <row id="760" trl="Y">
  <value column="Name" original="Tax expense">Податокaufwendungen</value>
  <value column="Description" original="Sales Tax paid to Vendors">An Постачальникen gezahlte Umsatzsteuer</value>
 </row>
 <row id="761" trl="Y">
  <value column="Name" original="Education Course Fees">Gebühren für Fortbildungsmaßnahmen</value>
  <value column="Description" original=""/>
 </row>
 <row id="762" trl="Y">
  <value column="Name" original="Equipment Rent">Miete für Betriebsmittel</value>
  <value column="Description" original=""/>
 </row>
 <row id="763" trl="Y">
  <value column="Name" original="Equipment Rent Other">Sonstige Mieten für Betriebsmittel</value>
  <value column="Description" original=""/>
 </row>
 <row id="764" trl="Y">
  <value column="Name" original="Data Processing Repairs &amp; Maintenance">EDV Reparaturen und Обслуговуванняen</value>
  <value column="Description" original=""/>
 </row>
 <row id="765" trl="Y">
  <value column="Name" original="Bad Debts Write-off">Entschuldung</value>
  <value column="Description" original="Receivables write-off - bad debt">Forderungsabschreibung Schulden</value>
 </row>
 <row id="766" trl="Y">
  <value column="Name" original="Penalties">Strafen</value>
  <value column="Description" original=""/>
 </row>
 <row id="767" trl="Y">
  <value column="Name" original="Realized gain">Realisierter Gewinn</value>
  <value column="Description" original="Difference between invoice and payment currency">Differenz zwischen Платіж und Платіжswährung</value>
 </row>
 <row id="768" trl="Y">
  <value column="Name" original="Uninsured Casualty Loss">Nicht versicherter Verlust durch Unfalltod</value>
  <value column="Description" original=""/>
 </row>
 <row id="769" trl="Y">
  <value column="Name" original="Банк settlement loss">Verluste aus Abfindungen Банк</value>
  <value column="Description" original="Difference between payment and bank account currency">Differenz zwischen Платіжs- und Kontowährung</value>
 </row>
 <row id="770" trl="Y">
  <value column="Name" original="Federal Income Tax">Einkommenssteuer Bund</value>
  <value column="Description" original=""/>
 </row>
 <row id="771" trl="Y">
  <value column="Name" original="Income Summary">Einkommen gesamt</value>
  <value column="Description" original="Year end processing to balance account (Retained Earnings)">Jahresendabrechnung zur Kontensaldierung (Gewinnrücklagen)</value>
 </row>
 <row id="772" trl="Y">
  <value column="Name" original="Wages">Löhne</value>
  <value column="Description" original=""/>
 </row>
 <row id="773" trl="Y">
  <value column="Name" original="Land Improvement Depreciation">Abschreibungen auf die Aufwertung von Mietgrundstücken</value>
  <value column="Description" original=""/>
 </row>
 <row id="774" trl="Y">
  <value column="Name" original="Accounts Receivable - Trade">Дебіториkonten - Handel</value>
  <value column="Description" original=""/>
 </row>
 <row id="775" trl="Y">
  <value column="Name" original="Licenses &amp; Fees - Other">Sonstige Lizenzen und Gebühren</value>
  <value column="Description" original=""/>
 </row>
 <row id="776" trl="Y">
  <value column="Name" original="General Trade Inventory">Allgemeiner Handelsbestand</value>
  <value column="Description" original="Inventory Account">Bestandskonto</value>
 </row>
 <row id="777" trl="Y">
  <value column="Name" original="Medicare Employers Contribution">Beiträge zur Krankenversicherung der Angestellten</value>
  <value column="Description" original=""/>
 </row>
 <row id="778" trl="Y">
  <value column="Name" original="Commissions Paid">Gezahlte Provisionen</value>
  <value column="Description" original="Commissions Paid">Gezahlte Provisionen</value>
 </row>
 <row id="780" trl="Y">
  <value column="Name" original="Inventory Clearing">Verrechnung Складbestand</value>
  <value column="Description" original="Default Product costs (I.e. on inventory)">Standard Artikelkosten (d.h. im Bestand) </value>
 </row>
 <row id="781" trl="Y">
  <value column="Name" original="Cost Adjustments">Витратиkorrekturen</value>
  <value column="Description" original="Product Cost Adjustments">Korrekturen Artikelkosten</value>
 </row>
 <row id="782" trl="Y">
  <value column="Name" original="Accounts Receivable Services - Trade">Дебіториkonten Сервісs - Handel</value>
  <value column="Description" original="Accounts Receivables for Services">Дебіториkonten Сервісs</value>
 </row>
 <row id="783" trl="Y">
  <value column="Name" original="7-Expenses">7-Aufwendungen</value>
  <value column="Description" original="7-Expenses">7-Aufwendungen</value>
 </row>
 <row id="50000" trl="Y">
  <value column="Name" original="SO Commitment">Verpflichtungen Замовлення клієнтів</value>
  <value column="Description" original=""/>
 </row>
 <row id="50001" trl="Y">
  <value column="Name" original="Using Variance">Gebrauchsabnutzung</value>
  <value column="Description" original="Account for Using Variance">Konto für "Gebrauchsabnutzung"</value>
 </row>
 <row id="50002" trl="Y">
  <value column="Name" original="Method Change Variance">Abweichung Methodenänderung</value>
  <value column="Description" original="Account for Method Change Variance">Konto für "Abweichung Methodenänderung".</value>
 </row>
 <row id="50003" trl="Y">
  <value column="Name" original="Rate Variance">Abweichung Gebührensatz</value>
  <value column="Description" original="Account for Rate Variance">Konto für "Abweichung Gebührensatz"</value>
 </row>
 <row id="50004" trl="Y">
  <value column="Name" original="Mix Variance">Abweichung Mischung</value>
  <value column="Description" original="Account for Rate Variance">Konto für "Abweichung Gebührensatz"</value>
 </row>
 <row id="50005" trl="Y">
  <value column="Name" original="Work In Process">Unfertige Arbeiten</value>
  <value column="Description" original="Work In Process Account">Konto Unfertige Arbeiten</value>
 </row>
 <row id="50006" trl="Y">
  <value column="Name" original="Floor Stock">Bestand Товарionsstätte</value>
  <value column="Description" original="Floor Stock Account">Konto "Bestand Товарionsstätte"</value>
 </row>
 <row id="50007" trl="Y">
  <value column="Name" original="Labor (Absorbed)">Arbeit (verrechnet)</value>
  <value column="Description" original="Labor Absorbed account">Konto für "Arbeit (verrechnet)"</value>
 </row>
 <row id="50008" trl="Y">
  <value column="Name" original="Expense (Absorbed)">Aufwendungen (verrechnet)</value>
  <value column="Description" original=""/>
 </row>
 <row id="50009" trl="Y">
  <value column="Name" original="Burden (Absorbed)">Belastungen (verrechnet)</value>
  <value column="Description" original="Burden Absorbed account">Konto für "Belastungen (verrechnet)"</value>
 </row>
 <row id="50010" trl="Y">
  <value column="Name" original="Cost Of Production">Товарionskosten</value>
  <value column="Description" original="Cost Of Production Account">Konto Товарionskosten</value>
 </row>
 <row id="50011" trl="Y">
  <value column="Name" original="Outside Processing (Subcontract)">Externe Bearbeitungsschritte (Untervertrag)</value>
  <value column="Description" original="Outside Processing Account">Konto für "Externe Bearbeitungsschritte"</value>
 </row>
 <row id="50014" trl="Y">
  <value column="Name" original="Overhead (Applied)">Overhead (angewendet)</value>
  <value column="Description" original=""/>
 </row>
 <row id="50016" trl="Y">
  <value column="Name" original="Scrap">Ausschuss</value>
  <value column="Description" original="Scrap Account">Konto für "Ausschuss"</value>
 </row>
 <row id="50017" trl="Y">
  <value column="Name" original="Average Cost Variance">Abweichung Durchschnittskosten</value>
  <value column="Description" original="Account for Average Cost Variance">Konto für die "Abweichung Durchschnittskosten"</value>
 </row>
</idempiereTrl>
