<?xml version="1.0" encoding="UTF-8" standalone="no"?>
<!--iDempiere(r) Release 1.0a_2012-10-31 -Smart Suite ERP, CRM and SCM- (c) 1999-2012 iDempiere(r); Implementation: iDempiere - Supported by iDempiere community-->
<!--<!DOCTYPE idempiereTrl PUBLIC "-//ComPiere, Inc.//DTD iDempiere Translation 1.0//EN" "http://www.idempiere.com/dtd/idempiereTrl.dtd">-->
<idempiereTrl language="uk_UA" table="CM_CStage_Element">
 <row id="100" trl="Y">
  <value column="Name" original="headline1">Überschrift1</value>
  <value column="Description" original=""/>
  <value column="Help" original=""/>
 </row>
 <row id="101" trl="Y">
  <value column="Name" original="content1">Inhalt1</value>
  <value column="Description" original=""/>
  <value column="Help" original=""/>
 </row>
 <row id="104" trl="Y">
  <value column="Name" original="headline1">Überschrift1</value>
  <value column="Description" original=""/>
  <value column="Help" original=""/>
 </row>
 <row id="105" trl="Y">
  <value column="Name" original="content1">Inhalt1</value>
  <value column="Description" original=""/>
  <value column="Help" original=""/>
 </row>
 <row id="106" trl="Y">
  <value column="Name" original="headline1">Überschrift1</value>
  <value column="Description" original=""/>
  <value column="Help" original=""/>
 </row>
 <row id="107" trl="Y">
  <value column="Name" original="content1">Inhalt1</value>
  <value column="Description" original=""/>
  <value column="Help" original=""/>
 </row>
 <row id="114" trl="Y">
  <value column="Name" original="headline1">Überschrift1</value>
  <value column="Description" original=""/>
  <value column="Help" original=""/>
 </row>
</idempiereTrl>
