<?xml version="1.0" encoding="UTF-8" standalone="no"?>
<!--iDempiere(r) Release 1.0a_2012-10-31 -Smart Suite ERP, CRM and SCM- (c) 1999-2012 iDempiere(r); Implementation: iDempiere - Supported by iDempiere community-->
<!--<!DOCTYPE idempiereTrl PUBLIC "-//ComPiere, Inc.//DTD iDempiere Translation 1.0//EN" "http://www.idempiere.com/dtd/idempiereTrl.dtd">-->
<idempiereTrl language="uk_UA" table="M_Product">
 <row id="122" trl="Y">
  <value column="Name" original="Standard">Standard</value>
  <value column="Description" original=""/>
  <value column="DocumentNote" original=""/>
 </row>
 <row id="123" trl="Y">
  <value column="Name" original="Oak Tree">Eiche</value>
  <value column="Description" original=""/>
  <value column="DocumentNote" original="Oak Trees may grow quite a bit.">Eichen können ein ganzes Stück wachsen.</value>
 </row>
 <row id="124" trl="Y">
  <value column="Name" original="Elm Tree">Ulme</value>
  <value column="Description" original=""/>
  <value column="DocumentNote" original=""/>
 </row>
 <row id="125" trl="Y">
  <value column="Name" original="Grass Seed Container">Gras Saat Behälter</value>
  <value column="Description" original=""/>
  <value column="DocumentNote" original=""/>
 </row>
 <row id="126" trl="Y">
  <value column="Name" original="Planting Сервіс">Pflanzservice</value>
  <value column="Description" original=""/>
  <value column="DocumentNote" original=""/>
 </row>
 <row id="127" trl="Y">
  <value column="Name" original="Rose Bush">Rosenbusch</value>
  <value column="Description" original=""/>
  <value column="DocumentNote" original=""/>
 </row>
 <row id="128" trl="Y">
  <value column="Name" original="Azalea Bush">Azalee</value>
  <value column="Description" original=""/>
  <value column="DocumentNote" original=""/>
 </row>
 <row id="129" trl="Y">
  <value column="Name" original="Holly Bush">Holunderbusch</value>
  <value column="Description" original=""/>
  <value column="DocumentNote" original=""/>
 </row>
 <row id="130" trl="Y">
  <value column="Name" original="Plum Tree">Pflaumenbaum</value>
  <value column="Description" original=""/>
  <value column="DocumentNote" original=""/>
 </row>
 <row id="131" trl="Y">
  <value column="Name" original="Travel cost">Reisekosten</value>
  <value column="Description" original="Travel related costs">Reisekosten</value>
  <value column="DocumentNote" original=""/>
 </row>
 <row id="132" trl="Y">
  <value column="Name" original="Mary Consultant">Beraterin Maria</value>
  <value column="Description" original=""/>
  <value column="DocumentNote" original=""/>
 </row>
 <row id="133" trl="Y">
  <value column="Name" original="Patio Chair">Terassenstuhl</value>
  <value column="Description" original="Nice Chair for outdoors">Netter Stuhl für Draussen</value>
  <value column="DocumentNote" original=""/>
 </row>
 <row id="134" trl="Y">
  <value column="Name" original="Patio Table">Terassentisch</value>
  <value column="Description" original="Nice Table for outdoors">Netter Tisch für Draussen</value>
  <value column="DocumentNote" original=""/>
 </row>
 <row id="135" trl="Y">
  <value column="Name" original="Patio Sun Screen">Terassen Sonnenschirm</value>
  <value column="Description" original="Protect from UV">UV-Schutz</value>
  <value column="DocumentNote" original=""/>
 </row>
 <row id="136" trl="Y">
  <value column="Name" original="Fertilizer #50">Dünger 25 kg</value>
  <value column="Description" original="50 # Bag of Lawn Fertilizer">25 kg Sack Rasendünger</value>
  <value column="DocumentNote" original=""/>
 </row>
 <row id="137" trl="Y">
  <value column="Name" original="Mulch 10#">Mulch 5 kg</value>
  <value column="Description" original="10# Bag of Mulch">5 kg-Sack Mulch</value>
  <value column="DocumentNote" original=""/>
 </row>
 <row id="138" trl="Y">
  <value column="Name" original="Hoe 4 ft">Harke (4 ft)</value>
  <value column="Description" original="4 Foot Metal Hoe">Metall Harke (4 Fuss lang)</value>
  <value column="DocumentNote" original=""/>
 </row>
 <row id="139" trl="Y">
  <value column="Name" original="Rake Bamboo">Bambus Harke</value>
  <value column="Description" original="4 Foot Bamboo Rake">Bambus Harke (4 Fuss lang)</value>
  <value column="DocumentNote" original=""/>
 </row>
 <row id="140" trl="Y">
  <value column="Name" original="Rake Metal">Metall Harke</value>
  <value column="Description" original="4 Foot Metal Rake">Metall Harke (4 Fuss lang)</value>
  <value column="DocumentNote" original=""/>
 </row>
 <row id="141" trl="Y">
  <value column="Name" original="Weeder">Unkrautjäter</value>
  <value column="Description" original="Hand Weeder">Handjäter</value>
  <value column="DocumentNote" original=""/>
 </row>
 <row id="142" trl="Y">
  <value column="Name" original="Transplanter">Pflanzmaschine</value>
  <value column="Description" original="Hand Transplanter">Handpflanzer</value>
  <value column="DocumentNote" original=""/>
 </row>
 <row id="143" trl="Y">
  <value column="Name" original="Grass Seeder">Gras Sämaschine</value>
  <value column="Description" original="Manual Grass Seeder">Manuelle Gras Sämaschine</value>
  <value column="DocumentNote" original=""/>
 </row>
 <row id="144" trl="Y">
  <value column="Name" original="Lawn Tiller">Rasen Fräse</value>
  <value column="Description" original="Manual Lawn Tiller">Manuelle Rasen Fräse</value>
  <value column="DocumentNote" original=""/>
 </row>
 <row id="145" trl="Y">
  <value column="Name" original="Patio Furniture Set">Gartensitzgruppe</value>
  <value column="Description" original="1 table, 4 Chairs and 1 Sun Screen">1 Tisch, 4 Stühle und ein Sonnenschirm</value>
  <value column="DocumentNote" original="&#9;">	</value>
 </row>
 <row id="146" trl="Y">
  <value column="Name" original="How To Plant">Wie man pflanzt</value>
  <value column="Description" original="Information on how to best to plant your future.">Information darüber wie man am besten die eigene Zukunft pflanzt</value>
  <value column="DocumentNote" original=""/>
 </row>
 <row id="147" trl="Y">
  <value column="Name" original="TShirt - Red Large">T-Shirt - Rot Large</value>
  <value column="Description" original=""/>
  <value column="DocumentNote" original=""/>
 </row>
 <row id="148" trl="Y">
  <value column="Name" original="TShirt - Green Large">T-Shirt - Grün Large</value>
  <value column="Description" original=""/>
  <value column="DocumentNote" original=""/>
 </row>
 <row id="50000" trl="Y">
  <value column="Name" original="Assembly Back Leg">Montage schwarzes Bein</value>
  <value column="Description" original=""/>
  <value column="DocumentNote" original=""/>
 </row>
 <row id="50001" trl="Y">
  <value column="Name" original="Assembly Front Leg">Montage vorderes Bein</value>
  <value column="Description" original=""/>
  <value column="DocumentNote" original=""/>
 </row>
 <row id="50002" trl="Y">
  <value column="Name" original="#6-32 x 3/8 Socket Head Cap Screw">#6-32 x 3/8 Fassung Zylinderschraube</value>
  <value column="Description" original=""/>
  <value column="DocumentNote" original=""/>
 </row>
 <row id="50003" trl="Y">
  <value column="Name" original="Ultra Glue">Ultrakleber</value>
  <value column="Description" original=""/>
  <value column="DocumentNote" original=""/>
 </row>
 <row id="50004" trl="Y">
  <value column="Name" original="Seat">Sitz</value>
  <value column="Description" original=""/>
  <value column="DocumentNote" original=""/>
 </row>
 <row id="50005" trl="Y">
  <value column="Name" original="Back Support">Rückenstütze</value>
  <value column="Description" original=""/>
  <value column="DocumentNote" original=""/>
 </row>
 <row id="50007" trl="Y">
  <value column="Name" original="Fertilizer #70">Dünger #70</value>
  <value column="Description" original="70 # Bag of Lawn Fertilizer">70 # Sack mit Rasendünger</value>
  <value column="DocumentNote" original=""/>
 </row>
 <row id="50008" trl="Y">
  <value column="Name" original="Lawn Fertilizer">Rasendünger</value>
  <value column="Description" original=""/>
  <value column="DocumentNote" original=""/>
 </row>
 <row id="50009" trl="Y">
  <value column="Name" original="Nitrogen">Stickstoff</value>
  <value column="Description" original=""/>
  <value column="DocumentNote" original=""/>
 </row>
 <row id="50010" trl="Y">
  <value column="Name" original="Phosphorus">Phosphor</value>
  <value column="Description" original=""/>
  <value column="DocumentNote" original=""/>
 </row>
 <row id="50012" trl="Y">
  <value column="Name" original="Potassium">Kalium</value>
  <value column="Description" original=""/>
  <value column="DocumentNote" original=""/>
 </row>
 <row id="50013" trl="Y">
  <value column="Name" original="Bag 50 Kg">Sack 50kg</value>
  <value column="Description" original=""/>
  <value column="DocumentNote" original=""/>
 </row>
 <row id="50014" trl="Y">
  <value column="Name" original="Bag 70 Kg">Sack 70kg</value>
  <value column="Description" original=""/>
  <value column="DocumentNote" original=""/>
 </row>
 <row id="50015" trl="Y">
  <value column="Name" original="Front Leg">Vorderbein</value>
  <value column="Description" original=""/>
  <value column="DocumentNote" original=""/>
 </row>
 <row id="50016" trl="Y">
  <value column="Name" original="Back Leg">Hinterbein</value>
  <value column="Description" original=""/>
  <value column="DocumentNote" original=""/>
 </row>
 <row id="50017" trl="Y">
  <value column="Name" original="Water">Wasser</value>
  <value column="Description" original=""/>
  <value column="DocumentNote" original=""/>
 </row>
 <row id="50018" trl="Y">
  <value column="Name" original="Fertilizer Plant">Düngerfabrik</value>
  <value column="Description" original=""/>
  <value column="DocumentNote" original=""/>
 </row>
 <row id="50019" trl="Y">
  <value column="Name" original="Assembly Area">Montagebereich</value>
  <value column="Description" original=""/>
  <value column="DocumentNote" original=""/>
 </row>
 <row id="50020" trl="Y">
  <value column="Name" original="Paint Area">Lackiererei</value>
  <value column="Description" original=""/>
  <value column="DocumentNote" original=""/>
 </row>
 <row id="50021" trl="Y">
  <value column="Name" original="Chrome Subcontract Area">Verchromung Subunternehmerbereich</value>
  <value column="Description" original=""/>
  <value column="DocumentNote" original=""/>
 </row>
 <row id="50022" trl="Y">
  <value column="Name" original="Inspection Area">Inspektionsbereich</value>
  <value column="Description" original=""/>
  <value column="DocumentNote" original=""/>
 </row>
 <row id="50023" trl="Y">
  <value column="Name" original="Furniture Plant">Möbelfabrik</value>
  <value column="Description" original=""/>
  <value column="DocumentNote" original=""/>
 </row>
 <row id="50024" trl="Y">
  <value column="Name" original="Packing Production Line">Verpackungsproduktionslinie</value>
  <value column="Description" original=""/>
  <value column="DocumentNote" original=""/>
 </row>
 <row id="50025" trl="Y">
  <value column="Name" original="Mixed Area">Vermischter Bereich</value>
  <value column="Description" original=""/>
  <value column="DocumentNote" original=""/>
 </row>
 <row id="50026" trl="Y">
  <value column="Name" original="Dry Area">Trockenbereich</value>
  <value column="Description" original=""/>
  <value column="DocumentNote" original=""/>
 </row>
 <row id="50027" trl="Y">
  <value column="Name" original="Fertilizer Inspection Area">Dünger Inspektionsbereich</value>
  <value column="Description" original=""/>
  <value column="DocumentNote" original=""/>
 </row>
</idempiereTrl>
