<?xml version="1.0" encoding="UTF-8" standalone="no"?>
<!--iDempiere(r) Release 1.0a_2012-10-31 -Smart Suite ERP, CRM and SCM- (c) 1999-2012 iDempiere(r); Implementation: iDempiere - Supported by iDempiere community-->
<!--<!DOCTYPE idempiereTrl PUBLIC "-//ComPiere, Inc.//DTD iDempiere Translation 1.0//EN" "http://www.idempiere.com/dtd/idempiereTrl.dtd">-->
<idempiereTrl language="uk_UA" table="PP_Product_BOM">
 <row id="145" trl="Y">
  <value column="Name" original="Patio Furniture Set">Gartensitzgruppe</value>
  <value column="Description" original="1 table, 4 Chairs and 1 Sun Screen">1 Tisch, 4 Stühle und ein Sonnenschirm</value>
  <value column="Help" original=""/>
 </row>
 <row id="50000" trl="Y">
  <value column="Name" original="Patio Chair">Terassenstuhl</value>
  <value column="Description" original="Nice Chair for outdoors">Netter Stuhl für Draussen</value>
  <value column="Help" original=""/>
 </row>
 <row id="50001" trl="Y">
  <value column="Name" original="Assembly Back Leg">Montage schwarzes Bein</value>
  <value column="Description" original=""/>
  <value column="Help" original=""/>
 </row>
 <row id="50003" trl="Y">
  <value column="Name" original="Assembly Front Leg">Montage vorderes Bein</value>
  <value column="Description" original=""/>
  <value column="Help" original=""/>
 </row>
 <row id="50004" trl="Y">
  <value column="Name" original="Fertilizer #50">Dünger 25 kg</value>
  <value column="Description" original="50 # Bag of Lawn Fertilizer">25 kg Sack Rasendünger</value>
  <value column="Help" original=""/>
 </row>
 <row id="50005" trl="Y">
  <value column="Name" original="Fertilizer #70">Dünger #70</value>
  <value column="Description" original="70 # Bag of Lawn Fertilizer">70 # Sack mit Rasendünger</value>
  <value column="Help" original=""/>
 </row>
 <row id="50006" trl="Y">
  <value column="Name" original="Lawn Fertilizer">Rasendünger</value>
  <value column="Description" original=""/>
  <value column="Help" original=""/>
 </row>
</idempiereTrl>
