<?xml version="1.0" encoding="UTF-8" standalone="no"?>
<!--iDempiere(r) Release 8.2_2020-12-20 -Smart Suite ERP, CRM and SCM- (c) 1999-2021 iDempiere(r); Implementation: iDempiere - Supported by iDempiere community--><!--<!DOCTYPE idempiereTrl PUBLIC "-//ComPiere, Inc.//DTD iDempiere Translation 1.0//EN" "http://www.idempiere.com/dtd/idempiereTrl.dtd">--><idempiereTrl language="uk_UA" table="AD_Process_Para">
 <row id="133" trl="Y">
  <value column="Name" original="Warehouse">Склад</value>
  <value column="Description" original="Storage Warehouse and Service Point">Склад oder Сервісpoint</value>
  <value column="Help" original="The Warehouse identifies a unique Warehouse where products are stored or Services are provided.">Ein "Склад" ist ein einzelnes Artikellager oder ein Standort an dem Dienstleistungen erbracht werden.</value>
  <value column="Placeholder" original=""/>
  <value column="Placeholder2" original=""/>
 </row>
 <row id="134" trl="Y">
  <value column="Name" original="Movement Type">Bewegungsart</value>
  <value column="Description" original="Method of moving the inventory">Art der Bestandsbewegung</value>
  <value column="Help" original="The Movement Type indicates the type of movement (in, out, to production, etc)">Ein "Bewegungstyp" zeigt die Art der Warenbewegung an, z.B. eingehend, ausgehend, an Товарion, usw.</value>
  <value column="Placeholder" original=""/>
  <value column="Placeholder2" original=""/>
 </row>
 <row id="139" trl="Y">
  <value column="Name" original="Product">Artikel</value>
  <value column="Description" original="Product, Service, Item">Artikel, Dienstleistung, Gegenstand</value>
  <value column="Help" original="Identifies an item which is either purchased or sold in this organization.">Kennzeichnet einen Artikel der von dieser Організація eingekauft oder verkauft wird.</value>
  <value column="Placeholder" original=""/>
  <value column="Placeholder2" original=""/>
 </row>
 <row id="161" trl="Y">
  <value column="Name" original="Business Партнер ">Контрагент</value>
  <value column="Description" original="Identifies a Business Partner">Kennzeichnet einen Контрагент</value>
  <value column="Help" original="A Business Partner is anyone with whom you transact.  This can include Vendor, Customer, Employee or Salesperson">Ein "Контрагент" ist jemand, mit dem Sie interagieren. Контрагент können z.B. Постачальникen, Клієнтn, Mitarbeiter oder Handelsvertreter sein.</value>
  <value column="Placeholder" original=""/>
  <value column="Placeholder2" original=""/>
 </row>
 <row id="163" trl="Y">
  <value column="Name" original="Business Партнер ">Контрагент</value>
  <value column="Description" original="Identifies a Business Partner">Kennzeichnet einen Контрагент</value>
  <value column="Help" original="A Business Partner is anyone with whom you transact.  This can include Vendor, Customer, Employee or Salesperson">Ein "Контрагент" ist jemand, mit dem Sie interagieren. Контрагент können z.B. Постачальникen, Клієнтn, Mitarbeiter oder Handelsvertreter sein.</value>
  <value column="Placeholder" original=""/>
  <value column="Placeholder2" original=""/>
 </row>
 <row id="172" trl="Y">
  <value column="Name" original="Business Партнер ">Контрагент</value>
  <value column="Description" original="Identifies a Business Partner">Kennzeichnet einen Контрагент</value>
  <value column="Help" original="A Business Partner is anyone with whom you transact.  This can include Vendor, Customer, Employee or Salesperson">Ein "Контрагент" ist jemand, mit dem Sie interagieren. Контрагент können z.B. Постачальникen, Клієнтn, Mitarbeiter oder Handelsvertreter sein.</value>
  <value column="Placeholder" original=""/>
  <value column="Placeholder2" original=""/>
 </row>
 <row id="174" trl="Y">
  <value column="Name" original="Business Партнер ">Контрагент</value>
  <value column="Description" original="Identifies a Business Partner">Kennzeichnet einen Контрагент</value>
  <value column="Help" original="A Business Partner is anyone with whom you transact.  This can include Vendor, Customer, Employee or Salesperson">Ein "Контрагент" ist jemand, mit dem Sie interagieren. Контрагент können z.B. Постачальникen, Клієнтn, Mitarbeiter oder Handelsvertreter sein.</value>
  <value column="Placeholder" original=""/>
  <value column="Placeholder2" original=""/>
 </row>
 <row id="176" trl="Y">
  <value column="Name" original="Business Партнер ">Контрагент</value>
  <value column="Description" original="Identifies a Business Partner">Kennzeichnet einen Контрагент</value>
  <value column="Help" original="A Business Partner is anyone with whom you transact.  This can include Vendor, Customer, Employee or Salesperson">Ein "Контрагент" ist jemand, mit dem Sie interagieren. Контрагент können z.B. Постачальникen, Клієнтn, Mitarbeiter oder Handelsvertreter sein.</value>
  <value column="Placeholder" original=""/>
  <value column="Placeholder2" original=""/>
 </row>
 <row id="178" trl="Y">
  <value column="Name" original="Business Партнер ">Контрагент</value>
  <value column="Description" original="Identifies a Business Partner">Kennzeichnet einen Контрагент</value>
  <value column="Help" original="A Business Partner is anyone with whom you transact.  This can include Vendor, Customer, Employee or Salesperson">Ein "Контрагент" ist jemand, mit dem Sie interagieren. Контрагент können z.B. Постачальникen, Клієнтn, Mitarbeiter oder Handelsvertreter sein.</value>
  <value column="Placeholder" original=""/>
  <value column="Placeholder2" original=""/>
 </row>
 <row id="179" trl="Y">
  <value column="Name" original="Product Category">Artikelkategorie</value>
  <value column="Description" original="Category of a Product">Kategorie eines Artikels</value>
  <value column="Help" original="Identifies the category which this product belongs to.  Product categories are used for pricing and selection.">Zeigt die Kategorie des Artikels an. Artikelkategorien werden für Цінаfindung und Auswahl verwendet.</value>
  <value column="Placeholder" original=""/>
  <value column="Placeholder2" original=""/>
 </row>
 <row id="180" trl="Y">
  <value column="Name" original="Product">Artikel</value>
  <value column="Description" original="Product, Service, Item">Artikel, Dienstleistung, Gegenstand</value>
  <value column="Help" original="Identifies an item which is either purchased or sold in this organization.">Kennzeichnet einen Artikel der von dieser Організація eingekauft oder verkauft wird.</value>
  <value column="Placeholder" original=""/>
  <value column="Placeholder2" original=""/>
 </row>
 <row id="189" trl="Y">
  <value column="Name" original="Product Category">Artikelkategorie</value>
  <value column="Description" original="Category of a Product">Kategorie eines Artikels</value>
  <value column="Help" original="Identifies the category which this product belongs to.  Product categories are used for pricing and selection.">Zeigt die Kategorie des Artikels an. Artikelkategorien werden für Цінаfindung und Auswahl verwendet.</value>
  <value column="Placeholder" original=""/>
  <value column="Placeholder2" original=""/>
 </row>
 <row id="190" trl="Y">
  <value column="Name" original="Business Партнер ">Контрагент</value>
  <value column="Description" original="Identifies a Business Partner">Kennzeichnet einen Контрагент</value>
  <value column="Help" original="A Business Partner is anyone with whom you transact.  This can include Vendor, Customer, Employee or Salesperson">Ein "Контрагент" ist jemand, mit dem Sie interagieren. Контрагент können z.B. Постачальникen, Клієнтn, Mitarbeiter oder Handelsvertreter sein.</value>
  <value column="Placeholder" original=""/>
  <value column="Placeholder2" original=""/>
 </row>
 <row id="227" trl="Y">
  <value column="Name" original="Delete existing Accounting Entries">Bestehende Проведенняseinträge löschen</value>
  <value column="Description" original="The selected accounting entries will be deleted!  DANGEROUS !!!">Die gewählten Einträge werden gelöscht! GEFÄHRLICH!!!</value>
  <value column="Help" original=""/>
  <value column="Placeholder" original=""/>
  <value column="Placeholder2" original=""/>
 </row>
 <row id="233" trl="Y">
  <value column="Name" original="Pricelist Version">Цінаliste Version</value>
  <value column="Description" original="Only used if Price List is used to set future/standard cost price">Nur verwendet, falls eine Цінаliste verwendet wird um den zukünftigen/Standard Витратиpreis festzulegen</value>
  <value column="Help" original=""/>
  <value column="Placeholder" original=""/>
  <value column="Placeholder2" original=""/>
 </row>
 <row id="240" trl="Y">
  <value column="Name" original="Business Партнер ">Контрагент</value>
  <value column="Description" original="Identifies a Business Partner">Kennzeichnet einen Контрагент</value>
  <value column="Help" original="A Business Partner is anyone with whom you transact.  This can include Vendor, Customer, Employee or Salesperson">Ein "Контрагент" ist jemand, mit dem Sie interagieren. Контрагент können z.B. Постачальникen, Клієнтn, Mitarbeiter oder Handelsvertreter sein.</value>
  <value column="Placeholder" original=""/>
  <value column="Placeholder2" original=""/>
 </row>
 <row id="241" trl="Y">
  <value column="Name" original="Product">Artikel</value>
  <value column="Description" original="Product, Service, Item">Artikel, Dienstleistung, Gegenstand</value>
  <value column="Help" original="Identifies an item which is either purchased or sold in this organization.">Kennzeichnet einen Artikel der von dieser Організація eingekauft oder verkauft wird.</value>
  <value column="Placeholder" original=""/>
  <value column="Placeholder2" original=""/>
 </row>
 <row id="302" trl="Y">
  <value column="Name" original="Overwrite Payment Rule">Платіжsweise überschreiben.</value>
  <value column="Description" original="Overwrite how to pay the invoice">Überschreiben wie die Рахунок-фактура bezahlt wird</value>
  <value column="Help" original="The Payment Rule indicates how the incoice will be settled - you can overwrite the value from the invoice.">Die "Платіжsweise" zeigt an, wie die Рахунок-фактураen beglichen werden. Der Wert kann auf der Рахунок-фактура überschrieben werden.</value>
  <value column="Placeholder" original=""/>
  <value column="Placeholder2" original=""/>
 </row>
 <row id="315" trl="Y">
  <value column="Name" original="From User">Von Користувач</value>
  <value column="Description" original="Send EMail from user">E-Mail von Користувач senden</value>
  <value column="Help" original="The email is sent from the user selected - otherwise it is sent from the request email address of the client">Die E-Mail wird vom ausgewählten Користувач versendet. Ansonsten wird sie von der im Mandanten hinterlegten "Запит E-Mail-Adresse" verschickt.</value>
  <value column="Placeholder" original=""/>
  <value column="Placeholder2" original=""/>
 </row>
 <row id="452" trl="Y">
  <value column="Name" original="Maintenance Mode">Обслуговуванняsmodus</value>
  <value column="Description" original="Language Maintenance Mode">Sprache Обслуговуванняsmodus</value>
  <value column="Help" original=""/>
  <value column="Placeholder" original=""/>
  <value column="Placeholder2" original=""/>
 </row>
 <row id="467" trl="Y">
  <value column="Name" original="Existing Organization">Bestehende Організація</value>
  <value column="Description" original="Organizational entity within client - set to empty if you want to create a new organization">Organisatorischer Eintrag innerhalb des Mandanten - bitte löschen Sie den Eintrag, wenn Sie eine neue Організація anlegen möchten.</value>
  <value column="Help" original="An organization is a unit of your client or legal entity - examples are store, department. You can share data between organizations.">Eine "Організація" ist die Geschäftseinheit eines Mandanten oder eine juristische Person, z.B. ein Geschäft oder eine Abteilung. Організаціяen können gemeinsam auf Daten zugreifen, bzw. die Daten gemeinsam verwenden.</value>
  <value column="Placeholder" original=""/>
  <value column="Placeholder2" original=""/>
 </row>
 <row id="469" trl="Y">
  <value column="Name" original="Limit Access to Role">Zugriff auf Роль einschränken</value>
  <value column="Description" original="If no Role is selected, grant access to all (non-manual) roles of the Client">Wurde keine Роль gewählt, Zugriff für alle (nicht manuellen) Рольn des Mandanten gewähren.</value>
  <value column="Help" original="The Role determines security and access a user who has this Role will have in the System.">Eine "Роль" bestimmt die Sicherheitsstufen und Zugriffsberechtigungen eines Користувачs im System.</value>
  <value column="Placeholder" original=""/>
  <value column="Placeholder2" original=""/>
 </row>
 <row id="493" trl="Y">
  <value column="Name" original="New User/Contact">Neuer Користувач/Kontakt</value>
  <value column="Description" original="User within the system - Internal or Business Partner Contact">(Interner) Користувач des Systems oder Kontakt eines Контрагентs</value>
  <value column="Help" original="The User identifies a unique user in the system. This could be an internal user or a business partner contact">Ein bestimmter "Користувач" des Systems. Z.B. ein interner Kontakt oder ein Контрагент.</value>
  <value column="Placeholder" original=""/>
  <value column="Placeholder2" original=""/>
 </row>
 <row id="494" trl="Y">
  <value column="Name" original="New Робочий процес Responsible">Neuer Робочий процес-Verantwortlicher</value>
  <value column="Description" original="Responsible for Workflow Execution">Verantwortlicher für Робочий процес-Ausführung.</value>
  <value column="Help" original="The ultimate responsibility for a workflow is with an actual user. The Workflow Responsible allows to define ways to find that actual User.">Die letztendliche Verantwortung für die Робочий процес-Ausführung liegt beim tatsächlichen Користувач. Unter "Робочий процес Verantwortlicher" können Sie die Suche nach dem verantwortlichen Користувач definieren.</value>
  <value column="Placeholder" original=""/>
  <value column="Placeholder2" original=""/>
 </row>
 <row id="496" trl="Y">
  <value column="Name" original="New User/Contact">Neuer Користувач/Kontakt</value>
  <value column="Description" original="User within the system - Internal or Business Partner Contact">(Interner) Користувач des Systems oder Kontakt eines Контрагентs</value>
  <value column="Help" original="The User identifies a unique user in the system. This could be an internal user or a business partner contact">Ein bestimmter "Користувач" des Systems. Z.B. ein interner Kontakt oder ein Контрагент.</value>
  <value column="Placeholder" original=""/>
  <value column="Placeholder2" original=""/>
 </row>
 <row id="497" trl="Y">
  <value column="Name" original="New Робочий процес Responsible">Neuer Робочий процес-Verantwortlicher</value>
  <value column="Description" original="Responsible for Workflow Execution">Verantwortlicher für Робочий процес-Ausführung.</value>
  <value column="Help" original="The ultimate responsibility for a workflow is with an actual user. The Workflow Responsible allows to define ways to find that actual User.">Die letztendliche Verantwortung für die Робочий процес-Ausführung liegt beim tatsächlichen Користувач. Unter "Робочий процес Verantwortlicher" können Sie die Suche nach dem verantwortlichen Користувач definieren.</value>
  <value column="Placeholder" original=""/>
  <value column="Placeholder2" original=""/>
 </row>
 <row id="523" trl="Y">
  <value column="Name" original="Default Sales Rep">Standard-Продажіsbeauftragter</value>
  <value column="Description" original="If not defined on Business Partner Level">Falls nicht auf Контрагентebene festgelegt</value>
  <value column="Help" original=""/>
  <value column="Placeholder" original=""/>
  <value column="Placeholder2" original=""/>
 </row>
 <row id="524" trl="Y">
  <value column="Name" original="Dunning Currency">Mahnwährung</value>
  <value column="Description" original="Currency to create Dunning Letters">Валюта zur Erstellung von Mahnungen</value>
  <value column="Help" original=""/>
  <value column="Placeholder" original=""/>
  <value column="Placeholder2" original=""/>
 </row>
 <row id="50001" trl="Y">
  <value column="Name" original="Role To">Zielrolle</value>
  <value column="Description" original="Responsibility Role">Рольnbefugnisse</value>
  <value column="Help" original="The Role determines security and access a user who has this Role will have in the System.">Eine "Роль" bestimmt die Sicherheitsstufen und Zugriffsberechtigungen eines Користувачs im System.</value>
  <value column="Placeholder" original=""/>
  <value column="Placeholder2" original=""/>
 </row>
 <row id="50002" trl="Y">
  <value column="Name" original="Role From">Ausgangsrolle</value>
  <value column="Description" original="Responsibility Role">Рольnbefugnisse</value>
  <value column="Help" original="The Role determines security and access a user who has this Role will have in the System.">Eine "Роль" bestimmt die Sicherheitsstufen und Zugriffsberechtigungen eines Користувачs im System.</value>
  <value column="Placeholder" original=""/>
  <value column="Placeholder2" original=""/>
 </row>
 <row id="50008" trl="Y">
  <value column="Name" original="IMAP Password">IMAP Passwort</value>
  <value column="Description" original=""/>
  <value column="Help" original=""/>
  <value column="Placeholder" original=""/>
  <value column="Placeholder2" original=""/>
 </row>
 <row id="50009" trl="Y">
  <value column="Name" original="Request Folder">Запитordner</value>
  <value column="Description" original="After take email form inbox folder, and process it success, email will move to this folder">Nachdem eine E-Mail aus dem Posteingang übernommen und erfolgreich verarbeitet wurde, wird sie in diesen Ordner verschoben</value>
  <value column="Help" original="folder can define as hierarchy, use &quot;\&quot; to separate folder. example customer\vietnam&#10;will read email from folder vietnam under folder customer&#10;after take email form inbox folder, and process it success, email will move to this folder">Der Ordner kann hierarchisch definiert werden, benutzen Sie "\" um die Ordnernamen zu trennen. Beispiel: kunden\vietnam 
wird eine E-Mail aus dem Posteingang übernehmen und nach erfolgreicher Verarbeitung sie in diesen Ordner verschieben</value>
  <value column="Placeholder" original=""/>
  <value column="Placeholder2" original=""/>
 </row>
 <row id="50010" trl="Y">
  <value column="Name" original="Inbox Folder">Posteingang</value>
  <value column="Description" original="Mail folder, where process will take email and make request">Mail-Ordner, aus dem der Prozess E-Mail lesen und Запитn erzeugen wird</value>
  <value column="Help" original="folder can define as hierarchy, use &quot;\&quot; to separate folder. example customer\vietnam&#10;will read email from folder vietnam under folder customer">Der Ordner kann hierarchisch definiert werden, benutzen Sie "\" um die Ordnernamen zu trennen. Beispiel: kunden\vietnam
liest E-Mail aus dem Ordner vietnam unter dem Ordner kunden</value>
  <value column="Placeholder" original=""/>
  <value column="Placeholder2" original=""/>
 </row>
 <row id="50011" trl="Y">
  <value column="Name" original="Error Folder">Fehlerordner</value>
  <value column="Description" original="Mail folder to push unsuccess email  ">Mail-Ordner, in den E-Mails verschoben werden, die nicht erfolgreich verarbeitet wurden.</value>
  <value column="Help" original="folder can define as hierarchy, use &quot;\&quot; to separate folder. example customer\error\vietnam&#10;will puss email can't process to folder vietnam under folder error under folder customer">Der Ordner kann hierarchisch definiert werden, benutzen Sie "\" um die Ordnernamen zu trennen. Beispiel: kunden\vietnam
wird E-Mail, die nicht verarbeitet werden konnte, in den Ordner vietnam unter dem Ordner kunden verschieben</value>
  <value column="Placeholder" original=""/>
  <value column="Placeholder2" original=""/>
 </row>
 <row id="50019" trl="Y">
  <value column="Name" original="Shipment Date">Lieferdatum</value>
  <value column="Description" original="Date printed on shipment">Datum, das auf den Lieferschein gedruckt wird.</value>
  <value column="Help" original="The Shipment Date indicates the date printed on the shipment.">Das "Lieferdatum" ist das auf den Lieferschein gedruckte Datum.</value>
  <value column="Placeholder" original=""/>
  <value column="Placeholder2" original=""/>
 </row>
 <row id="53011" trl="Y">
  <value column="Name" original="Print Unprocessed Entries Only">Nur unverarbeitete Einträge drucken</value>
  <value column="Description" original="Print the unprocessed (unprinted) entries of the dunning run only.">Druckt nur die unverarbeiteten (ungedruckten) Einträge des Mahnlaufs.</value>
  <value column="Help" original="Print the unprocessed (unprinted) entries of the dunning run only. This allows you to reprint only certain dunning entries.">Druckt nur die unbearbeiteten (ungedruckten) Einträge des Mahnlaufs. So können Sie gezielt nur bestimmte Mahneinträge erneut drucken.</value>
  <value column="Placeholder" original=""/>
  <value column="Placeholder2" original=""/>
 </row>
 <row id="53025" trl="Y">
  <value column="Name" original="Purchase Price List Version">Version Закупівліspreisliste</value>
  <value column="Description" original=""/>
  <value column="Help" original=""/>
  <value column="Placeholder" original=""/>
  <value column="Placeholder2" original=""/>
 </row>
 <row id="53030" trl="Y">
  <value column="Name" original="New Product">Neuer Artikel</value>
  <value column="Description" original=""/>
  <value column="Help" original=""/>
  <value column="Placeholder" original=""/>
  <value column="Placeholder2" original=""/>
 </row>
 <row id="53032" trl="Y">
  <value column="Name" original="Action">Aktion</value>
  <value column="Description" original=""/>
  <value column="Help" original=""/>
  <value column="Placeholder" original=""/>
  <value column="Placeholder2" original=""/>
 </row>
 <row id="53066" trl="Y">
  <value column="Name" original="Is Print Pack &amp; Tools List" xml:space="preserve"><![CDATA[Is Print Pack & Tools List]]></value>
  <value column="Description" original=""/>
  <value column="Help" original=""/>
  <value column="Placeholder" original=""/>
  <value column="Placeholder2" original=""/>
 </row>
 <row id="53068" trl="Y">
  <value column="Name" original="Is Print Pick List">Druck Kommissionierschein</value>
  <value column="Description" original=""/>
  <value column="Help" original=""/>
  <value column="Placeholder" original=""/>
  <value column="Placeholder2" original=""/>
 </row>
 <row id="53069" trl="Y">
  <value column="Name" original="Is Print Робочий процес">Druck Робочий процес</value>
  <value column="Description" original=""/>
  <value column="Help" original=""/>
  <value column="Placeholder" original=""/>
  <value column="Placeholder2" original=""/>
 </row>
 <row id="53127" trl="Y">
  <value column="Name" original="Generate Fields">Felder erzeugen</value>
  <value column="Description" original=""/>
  <value column="Help" original=""/>
  <value column="Placeholder" original=""/>
  <value column="Placeholder2" original=""/>
 </row>
 <row id="53131" trl="Y">
  <value column="Name" original="Scripts Path">Skriptpfad</value>
  <value column="Description" original=""/>
  <value column="Help" original=""/>
  <value column="Placeholder" original=""/>
  <value column="Placeholder2" original=""/>
 </row>
 <row id="53142" trl="Y">
  <value column="Name" original="Includes only the Tabs that Insert records">Nur Register mit Einträgen einbeziehen.</value>
  <value column="Description" original="Generated Export Format for the Tabs with Insert Record is Yes">Експортformat für Register mit Ja-Einträgen erzeugen</value>
  <value column="Help" original=""/>
  <value column="Placeholder" original=""/>
  <value column="Placeholder2" original=""/>
 </row>
 <row id="53143" trl="Y">
  <value column="Name" original="Includes only the mandatory columns">Nur Pflichtfelder einbeziehen</value>
  <value column="Description" original="Generated an Export Format Line  if the column is mandatory ">Erzeugt eine Position des Експортformats wenn es sich um eine Pflichtspalte handelt.</value>
  <value column="Help" original=""/>
  <value column="Placeholder" original=""/>
  <value column="Placeholder2" original=""/>
 </row>
 <row id="53219" trl="Y">
  <value column="Name" original="Based in DRP Demand">Basiert auf EPD-Bedarf</value>
  <value column="Description" original="Based in DRP Demand">Basiert auf EPD-Bedarf</value>
  <value column="Help" original=""/>
  <value column="Placeholder" original=""/>
  <value column="Placeholder2" original=""/>
 </row>
 <row id="53232" trl="Y">
  <value column="Name" original="Банк Account From">Банкkonto Absender</value>
  <value column="Description" original=""/>
  <value column="Help" original=""/>
  <value column="Placeholder" original=""/>
  <value column="Placeholder2" original=""/>
 </row>
 <row id="53233" trl="Y">
  <value column="Name" original="Банк Account To">Банкkonto Empfänger</value>
  <value column="Description" original=""/>
  <value column="Help" original=""/>
  <value column="Placeholder" original=""/>
  <value column="Placeholder2" original=""/>
 </row>
 <row id="53243" trl="Y">
  <value column="Name" original="Valid from">Gültig ab</value>
  <value column="Description" original="Valid from including this date (first day)">Gültig ab diesem Tag (erster Tag)</value>
  <value column="Help" original="The Valid From date indicates the first day of a date range">"Gültig ab" bezeichnet den ersten Tag eines Gültigkeitszeitraums</value>
  <value column="Placeholder" original=""/>
  <value column="Placeholder2" original=""/>
 </row>
 <row id="53246" trl="Y">
  <value column="Name" original="Банк Account From">Банкkonto Absender</value>
  <value column="Description" original=""/>
  <value column="Help" original=""/>
  <value column="Placeholder" original=""/>
  <value column="Placeholder2" original=""/>
 </row>
 <row id="53247" trl="Y">
  <value column="Name" original="Банк Account To">Банкkonto Empfänger</value>
  <value column="Description" original=""/>
  <value column="Help" original=""/>
  <value column="Placeholder" original=""/>
  <value column="Placeholder2" original=""/>
 </row>
 <row id="53263" trl="Y">
  <value column="Name" original="Account Date">Проведенняsdatum</value>
  <value column="Description" original="Optional account date range">Optionaler Kontendatumsbereich</value>
  <value column="Help" original="Only documents within this date range which are also in open periods will be reset.">Nur Документe dieses Datumsbereichs, die auch in offenen Perioden liegen, werden zurückgesetzt.</value>
  <value column="Placeholder" original="From">From</value>
  <value column="Placeholder2" original="To">To</value>
 </row>
 <row id="53282" trl="Y">
  <value column="Name" original="Client Name">Name Mandant</value>
  <value column="Description" original=""/>
  <value column="Help" original=""/>
  <value column="Placeholder" original=""/>
  <value column="Placeholder2" original=""/>
 </row>
 <row id="53284" trl="Y">
  <value column="Name" original="Administrative User Name">Administrativer Користувачname</value>
  <value column="Description" original=""/>
  <value column="Help" original=""/>
  <value column="Placeholder" original=""/>
  <value column="Placeholder2" original=""/>
 </row>
 <row id="53285" trl="Y">
  <value column="Name" original="Normal User Name">Normaler Користувачname</value>
  <value column="Description" original=""/>
  <value column="Help" original=""/>
  <value column="Placeholder" original=""/>
  <value column="Placeholder2" original=""/>
 </row>
 <row id="53289" trl="Y">
  <value column="Name" original="City Name">Ort</value>
  <value column="Description" original=""/>
  <value column="Help" original=""/>
  <value column="Placeholder" original=""/>
  <value column="Placeholder2" original=""/>
 </row>
 <row id="53291" trl="Y">
  <value column="Name" original="BP Accounting">Buchführung GP</value>
  <value column="Description" original="Use BP accounting dimension">Buchführungsdimension GP verwenden.</value>
  <value column="Help" original="Define if this client will use business partner accounting dimension.  This can be changed later in Accounting Schema window of the client.">Festlegen, ob der Mandant die Buchführungsdimension des Контрагентs verwenden wird. Kann später im Buchführungsschema des Mandanten geändert werden.</value>
  <value column="Placeholder" original=""/>
  <value column="Placeholder2" original=""/>
 </row>
 <row id="53292" trl="Y">
  <value column="Name" original="Product Accounting">Artikelbuchführung</value>
  <value column="Description" original="Use Product accounting dimension">Artikelbuchführungsdimension verwenden</value>
  <value column="Help" original="Define if this client will use product accounting dimension.  This can be changed later in Accounting Schema window of the client.">Festlegen, ob der Mandant die "Artikelbuchführungsdimension" verwenden wird. Kann später im Buchführungsschema des Mandanten geändert werden.</value>
  <value column="Placeholder" original=""/>
  <value column="Placeholder2" original=""/>
 </row>
 <row id="53293" trl="Y">
  <value column="Name" original="Project Accounting">Проєктbuchführung</value>
  <value column="Description" original="Use Project accounting dimension">Проєктbuchführungsdimension verwenden</value>
  <value column="Help" original="Define if this client will use project accounting dimension.  This can be changed later in Accounting Schema window of the client.">Festlegen, ob der Mandant Проєктbuchführungsdimension verwenden wird. Kann später im Buchführungsschema des Mandanten geändert werden.</value>
  <value column="Placeholder" original=""/>
  <value column="Placeholder2" original=""/>
 </row>
 <row id="53294" trl="Y">
  <value column="Name" original="Campaign Accounting">Кампаніяnbuchführung</value>
  <value column="Description" original="Use Campaign accounting dimension">Кампаніяnbuchführungsdimension verwenden.</value>
  <value column="Help" original="Define if this client will use campaign accounting dimension.  This can be changed later in Accounting Schema window of the client.">Festlegen, ob der Mandant Кампаніяnbuchführungsdimension verwenden wird. Kann später im Buchführungsschema des Mandanten geändert werden.</value>
  <value column="Placeholder" original=""/>
  <value column="Placeholder2" original=""/>
 </row>
 <row id="53295" trl="Y">
  <value column="Name" original="Sales Region Accounting">Buchführung Продажіsgebiet</value>
  <value column="Description" original="Use Sales Region accounting dimension">Продажіsgebietsbuchführungsdimension verwenden.</value>
  <value column="Help" original="Define if this client will use sales region accounting dimension.  This can be changed later in Accounting Schema window of the client.">Festlegen, ob der Mandant die Buchführungsdimension Продажіsgebiet verwenden wird. Kann später im Buchführungsschema des Mandanten geändert werden.</value>
  <value column="Placeholder" original=""/>
  <value column="Placeholder2" original=""/>
 </row>
 <row id="53296" trl="Y">
  <value column="Name" original="Chart of Accounts File">Datei Kontenplan</value>
  <value column="Description" original="Location of the chart of accounts to be used with this client.  At this stage just the default accounts will be created.">Speicherort des Kontenplans, der für diesen Mandant benutzt wird. In diesem Stadium werden nur Standardkonten erstellt.</value>
  <value column="Help" original=""/>
  <value column="Placeholder" original=""/>
  <value column="Placeholder2" original=""/>
 </row>
 <row id="53314" trl="Y">
  <value column="Name" original="Full rebuild">Vollständiger Neuaufbau</value>
  <value column="Description" original="Delete all existing summary data and recalculate.">Alle vorhandenen Zusammenfassungsdaten löschen und neu berechnen.</value>
  <value column="Help" original="If not selected, only those periods with recently posted accounting facts will be recalculated.">Falls nicht ausgewählt, werden nur kürzlich veröffentlichte Buchführungsdaten neu berechnet.</value>
  <value column="Placeholder" original=""/>
  <value column="Placeholder2" original=""/>
 </row>
 <row id="53316" trl="Y">
  <value column="Name" original="Force">Erzwingen</value>
  <value column="Description" original="Force rebuild of cube even if locked.">Wiederherstellung des Würfels erzwingen, auch wenn gesperrt.</value>
  <value column="Help" original=""/>
  <value column="Placeholder" original=""/>
  <value column="Placeholder2" original=""/>
 </row>
 <row id="53485" trl="Y">
  <value column="Name" original="Periodicity">Periodicity</value>
  <value column="Description" original=""/>
  <value column="Help" original=""/>
  <value column="Placeholder" original=""/>
  <value column="Placeholder2" original=""/>
 </row>
 <row id="53486" trl="Y">
  <value column="Name" original="Repetitions">Wiederholungen</value>
  <value column="Description" original=""/>
  <value column="Help" original=""/>
  <value column="Placeholder" original=""/>
  <value column="Placeholder2" original=""/>
 </row>
 <row id="53516" trl="Y">
  <value column="Name" original="Recreate">Wiederherstellen</value>
  <value column="Description" original="Overwrite existing production lines">Existierende Товарionslinien überschreiben</value>
  <value column="Help" original=""/>
  <value column="Placeholder" original=""/>
  <value column="Placeholder2" original=""/>
 </row>
 <row id="53517" trl="Y">
  <value column="Name" original="Production Quantity">Товарionsmenge</value>
  <value column="Description" original="Quantity of products to produce">Menge die produziert werden soll</value>
  <value column="Help" original="The Production Quantity identifies the number of products to produce">Das Feld "Товарionsmenge" zeigt die Artikelmenge an die hergestellt werden soll</value>
  <value column="Placeholder" original=""/>
  <value column="Placeholder2" original=""/>
 </row>
 <row id="53526" trl="Y">
  <value column="Name" original="Is Kanban">Ist Kanban</value>
  <value column="Description" original=""/>
  <value column="Help" original=""/>
  <value column="Placeholder" original=""/>
  <value column="Placeholder2" original=""/>
 </row>
 <row id="53582" trl="Y">
  <value column="Name" original="CreateOpportunity">Chance erzeugen</value>
  <value column="Description" original="Create Opportunity">Chance erzeugen</value>
  <value column="Help" original="Create a new Sales Opportunity when converting a lead">Erzeugt eine neue Verkaufschance beim Umwandeln eines Hinweises</value>
  <value column="Placeholder" original=""/>
  <value column="Placeholder2" original=""/>
 </row>
 <row id="200005" trl="Y">
  <value column="Name" original="New EMail Confirm">Neue E-Mail bestätigen</value>
  <value column="Description" original=""/>
  <value column="Help" original=""/>
  <value column="Placeholder" original=""/>
  <value column="Placeholder2" original=""/>
 </row>
 <row id="200007" trl="Y">
  <value column="Name" original="Reset Existing Access">Existierenden Zugriff zurücksetzen</value>
  <value column="Description" original="Reset Existing Access">Existierenden Zugriff zurücksetzen</value>
  <value column="Help" original=""/>
  <value column="Placeholder" original=""/>
  <value column="Placeholder2" original=""/>
 </row>
 <row id="200055" trl="Y">
  <value column="Name" original="Product">Artikel</value>
  <value column="Description" original="Please enter the product (component) you wish to search for">Geben Sie den Artikel (die Komponente) ein, nach der Sie suchen wollen</value>
  <value column="Help" original=""/>
  <value column="Placeholder" original=""/>
  <value column="Placeholder2" original=""/>
 </row>
 <row id="200071" trl="Y">
  <value column="Name" original="Document Type">Документart</value>
  <value column="Description" original="Inventory Cost Adjustment Document Type">Документart Витратиberechnung des Warenbestands</value>
  <value column="Help" original=""/>
  <value column="Placeholder" original=""/>
  <value column="Placeholder2" original=""/>
 </row>
 <row id="200074" trl="Y">
  <value column="Name" original="Administrative User Email">E-Mail für administrative Zwecke</value>
  <value column="Description" original=""/>
  <value column="Help" original=""/>
  <value column="Placeholder" original=""/>
  <value column="Placeholder2" original=""/>
 </row>
 <row id="200075" trl="Y">
  <value column="Name" original="Normal User Email">Normale Anwender-E-Mail</value>
  <value column="Description" original=""/>
  <value column="Help" original=""/>
  <value column="Placeholder" original=""/>
  <value column="Placeholder2" original=""/>
 </row>
 <row id="200077" trl="Y">
  <value column="Name" original="Created Since">Erstellt seit</value>
  <value column="Description" original=""/>
  <value column="Help" original=""/>
  <value column="Placeholder" original=""/>
  <value column="Placeholder2" original=""/>
 </row>
 <row id="200084" trl="Y">
  <value column="Name" original="Use Default CoA">Standardkontenplan verwenden</value>
  <value column="Description" original="Use Default Chart of Accounts">Standardkontenplan verwenden</value>
  <value column="Help" original=""/>
  <value column="Placeholder" original=""/>
  <value column="Placeholder2" original=""/>
 </row>
 <row id="200085" trl="Y">
  <value column="Name" original="Activity Accounting">Aktivitäten buchen</value>
  <value column="Description" original="Use Activity accounting dimension">Dimension für Aktivitäten benutzen</value>
  <value column="Help" original="Define if this client will use activity accounting dimension.  This can be changed later in Accounting Schema window of the client.">Legt fest, ob dieser Mandant die Dimension für Aktivitäten bebuchen wird.  Das kann später im Buchführungsschema für den Mandanten geändert werden.</value>
  <value column="Placeholder" original=""/>
  <value column="Placeholder2" original=""/>
 </row>
 <row id="200086" trl="Y">
  <value column="Name" original="Inactivate Defaults">Standardwerte deaktivieren</value>
  <value column="Description" original="Inactivate Defaults after Created">Deaktiviert Standardwerte nach der Erstellung</value>
  <value column="Help" original=""/>
  <value column="Placeholder" original=""/>
  <value column="Placeholder2" original=""/>
 </row>
 <row id="200102" trl="Y">
  <value column="Name" original="Cost Adjustment Document Type">Документart für Витратиberechnung</value>
  <value column="Description" original=""/>
  <value column="Help" original=""/>
  <value column="Placeholder" original=""/>
  <value column="Placeholder2" original=""/>
 </row>
 <row id="200121" trl="Y">
  <value column="Name" original="Inbox As Root Folder">Posteingang als Wurzelordner</value>
  <value column="Description" original="True if other folder (request, error,..) occupy in inbox folder">Anhaken, wenn andere Ordner (Запит, Fehler, ...) im Posteingangsordner liegen</value>
  <value column="Help" original="Some email server as outlook, every folder occupy in inbox, with web mail as google, we easy create my folder outside inbox folder.&#10;this field define where request, error,.. occupy.">Manche E-Mail-Server hängen andere Ordner immer im Posteingang ein, andere erlauben es, sie parallel einzuhängen.
Die Feld sagt, wo sie angelegt werden.</value>
  <value column="Placeholder" original=""/>
  <value column="Placeholder2" original=""/>
 </row>
 <row id="200226" trl="Y">
  <value column="Name" original="Folder">Ordner</value>
  <value column="Description" original="Path on the server where the pack in files are located">Pfad auf dem Server, wo sich Pack In-Dateien befinden</value>
  <value column="Help" original=""/>
  <value column="Placeholder" original=""/>
  <value column="Placeholder2" original=""/>
 </row>
 <row id="200287" trl="Y">
  <value column="Name" original="Client">Mandant</value>
  <value column="Description" original="Client/Tenant for this installation.">Mandant für diese Installation</value>
  <value column="Help" original="A Client is a company or a legal entity. You cannot share data between Clients. Tenant is a synonym for Client.">Ein "Mandant" ist eine Firma oder eine juristische Person.  Mandanten können keine Daten teilen/nicht gemeinsam auf Daten zugreifen.  </value>
  <value column="Placeholder" original=""/>
  <value column="Placeholder2" original=""/>
 </row>
 <row id="200293" trl="Y">
  <value column="Name" original="Delete old/existing files">Alte / existierende Dateien löschen</value>
  <value column="Description" original="Delete the records from the old storage provider after moved">Löscht alte Dateien der bisherigen Speicherdienstes nach dem Verschieben</value>
  <value column="Help" original="WARNING!  This option cannot be rolled back!  Be cautious, take backups.  If not enabled, the system administrator can/must remove manually the old files from the previous storage provider later.">WARNUNG!  Dies kann nicht rückgängig gemacht werden. Seien Sie vorsichtig, machen Sie eine Datensicherung. Wenn nicht aktiviert, kann (oder muss) ein Administrator die alten Dateien später von Hand löschen.</value>
  <value column="Placeholder" original=""/>
  <value column="Placeholder2" original=""/>
 </row>
</idempiereTrl>
