<?xml version="1.0" encoding="UTF-8" standalone="no"?>
<!--iDempiere(r) Release 1.0a_2012-10-31 -Smart Suite ERP, CRM and SCM- (c) 1999-2012 iDempiere(r); Implementation: iDempiere - Supported by iDempiere community-->
<!--<!DOCTYPE idempiereTrl PUBLIC "-//ComPiere, Inc.//DTD iDempiere Translation 1.0//EN" "http://www.idempiere.com/dtd/idempiereTrl.dtd">-->
<idempiereTrl language="uk_UA" table="AD_Task">
 <row id="102" trl="Y">
  <value column="Name" original="Java Version">Java-Version</value>
  <value column="Description" original="Displays the version of the default Java VM">Zeigt die Version der Standard Java-VM an</value>
  <value column="Help" original="The java version used by the application might be different.">Die von der Anwendung verwendete Java Version kann abweichen.</value>
 </row>
 <row id="103" trl="Y">
  <value column="Name" original="Database export">Datenbank Експорт</value>
  <value column="Description" original="Export (save) the database">Експортieren (Sichern) der Datenbank</value>
  <value column="Help" original="Run this command from the server">Diesen Befehl auf dem Server ausführen</value>
 </row>
 <row id="104" trl="Y">
  <value column="Name" original="Database transfer">Datenbank übertragen</value>
  <value column="Description" original="Transfer the database">Übertragen der Datenbank</value>
  <value column="Help" original="Run this command from the server">Diesen Befehl auf dem Server ausführen</value>
 </row>
</idempiereTrl>
