<?xml version="1.0" encoding="UTF-8" standalone="no"?>
<!--iDempiere(r) Release 8.2_2020-12-20 -Smart Suite ERP, CRM and SCM- (c) 1999-2021 iDempiere(r); Implementation: iDempiere - Supported by iDempiere community--><!--<!DOCTYPE idempiereTrl PUBLIC "-//ComPiere, Inc.//DTD iDempiere Translation 1.0//EN" "http://www.idempiere.com/dtd/idempiereTrl.dtd">--><idempiereTrl language="uk_UA" table="AD_Workflow">
 <row id="101" trl="Y">
  <value column="Name" original="Project Setup and Use">Проєктeinrichtung und Verwendung</value>
  <value column="Description" original="Setup of projects and project reporting">Einrichtung von Проєктen und Проєктberichten</value>
  <value column="Help" original="Projects allow to monitor the status and progress of sales opportunities, service projects and investment projects. A Project is a process that is undertaken which can involve multiple steps or phases and require resources from more than one area.">Проєктe ermöglichen, den Status und den Fortschritt von Verkaufschancen, Dienstleistungs- und Investitionsprojekten zu überwachen. Ein Проєкт ist ein Prozess, der bei der Durchführung mehrere Schritte oder Phasen durchlaufen kann und dabei Resourcen aus verschieden Bereichen benötigt.</value>
 </row>
 <row id="103" trl="Y">
  <value column="Name" original="Language Setup">Einrichtung Sprache</value>
  <value column="Description" original="Setup a new Language of the system and translate elements">Einrichtung einer neuen Systemsprache und Übersetzung der Elemente</value>
  <value column="Help" original="Define a new language as a system language.">Definieren Sie eine neue Sprache als Systemsprache.</value>
 </row>
 <row id="104" trl="Y">
  <value column="Name" original="Initial Client Setup Review">Überprüfung Ersteinrichtung Mandant</value>
  <value column="Description" original="Review of system level setup of a new  Client">Überprüfung der Ersteinrichtung eines neuen Mandanten auf Systemebene</value>
  <value column="Help" original="This workflow reviews the system setup of a new client as performed by the automatic Initial Client Setup.&#10;You may want to check also the following Workflows:&#10;- Accounting Setup&#10;- Business Partner Setup&#10;- Product Setup&#10;- Price list Setup&#10;- Warehouse Setup&#10;- Tax Setup">Dieser Робочий процес überprüft die Einrichtung eines neuen Mandanten, nachdem er mit "Ersteinrichtung Mandant" erstellt wurde.
Sie sollten außerdem die folgenden Робочий процес überprüfen:
- Einrichtung Buchführung
- Einrichtung Контрагент
- Einrichtung Artikel
- Einrichtung Цінаliste
- Einrichtung Податокn</value>
 </row>
 <row id="105" trl="Y">
  <value column="Name" original="Accounting Setup">Einrichtung Buchführung</value>
  <value column="Description" original="Review and change Accounting Setup">Überprüfung und Anpassung der Einrichtung Buchführung</value>
  <value column="Help" original="This workflow allows you to review and change your Accounting Rules. ">Dieser Робочий процес ermöglicht Ihnen, die Buchführungsregeln zu überprüfen und zu ändern. </value>
 </row>
 <row id="106" trl="Y">
  <value column="Name" original="Business Partner Setup">Einrichtung Контрагент</value>
  <value column="Description" original="Setup Business Partner Rules">Einrichtung Контрагентeinstellungen</value>
  <value column="Help" original="This workflow defines the Business Partners and the supporting rules.">Dieser Робочий процес legt die Контрагент und unterstützende Regeln fest.</value>
 </row>
 <row id="107" trl="Y">
  <value column="Name" original="Product Setup">Einrichtung Artikel</value>
  <value column="Description" original="Set up Products">Einrichtung Artikel</value>
  <value column="Help" original="Define your products manually. You should verify the settings especially if you import your products.">Legen Sie Ihre Artikel manual an. Sie sollten die Налаштування besonders überprüfen, wenn Sie Artikel importieren.</value>
 </row>
 <row id="108" trl="Y">
  <value column="Name" original="Price List Setup">Einrichtung Цінаliste</value>
  <value column="Description" original="Define your Price Lists and Discounts">Legen Sie Цінаlisten und Rabatte/Skonti an</value>
  <value column="Help" original="You define your price lists after entering or importing your products. In addition to price lists, you can define discounts for business partners.  Assign specific Price Lists and Discounst to Business Partners.">Sie erstellen Цінаlisten, nachdem Sie Ihre Artikel eingegeben oder importiert haben. Neben den Цінаlisten können Sie Rabatte für bestimmte Контрагентition festlegen. Auch können Sie Контрагентn spezielle Цінаlisten und Rabattstaffeln zuweisen.</value>
 </row>
 <row id="109" trl="Y">
  <value column="Name" original="Replication Setup">Einrichtung Replikation</value>
  <value column="Description" original="Setup of data replication">Einrichtung Datenreplikation</value>
 </row>
 <row id="110" trl="Y">
  <value column="Name" original="Tax Setup">Einrichtung Податокn</value>
  <value column="Description" original="Setup tax calculation">Einrichtung Податокberechnung</value>
  <value column="Help" original="Setup the tax calculation for products, services and charges">Richten Sie die Податокberechnung für Artikel, Dienstleistungen und Aufwände ein</value>
 </row>
 <row id="111" trl="Y">
  <value column="Name" original="Sales Setup">Einrichtung Продажі</value>
  <value column="Description" original="Setup Sales">Einrichtung Продажі</value>
  <value column="Help" original="Setting up Sales Representatives, Commissions as well as Marketing Channels and Campaigns.">Richten Sie die Продажіler, Kommissionen sowie Продажіskanäle und Кампаніяn ein.</value>
 </row>
 <row id="112" trl="Y">
  <value column="Name" original="Performance Measurement Setup">Einrichtung Leistungsmessung</value>
  <value column="Description" original="Setup your Performance Measurement">Einrichtung Leistungsmessung</value>
  <value column="Help" original="This workflow guides you through setting up your performance measurement based on Key Performance Indicators, Balanced Scorecard, etc.&#10;&#10;Most important: Do your analysis first!&#10;- What are your goals and how do you measure it?&#10;&#10;When you are setting up the system, you do it in reverse:&#10;First you define how you measure it and last you define the goals for the measurements.&#10;You have three ways measuring performance:&#10;- via quantifiable measures (e.g. sales of $3 million in Q1)&#10;- via manual measures&#10;- via achievements (tasks)&#10;&#10;The system converts the measures into percentages (based on the target and achieved measure - or number of total and reached achievements)">
Dieser Робочий процес führt Sie durch die Einrichtung Ihres Kennzahlensystems auf der Basis von Leistungskennzahlen, Balanced Scorecard, etc.

Ganz wichtig: Analysieren Sie zuerst
- Was sind Ihre Ziele und wie können Sie sie messen?

Wenn Sie ihr System einrichten, gehen Sie rückwärts vor:
Erst legen Sie fest, wie Sie messen wollen und dann legen Sie die Ziele der Messungen fest.
Sie haben drei Möglichkeiten die Leistung zu messen:
- über quantitative Messungen (z.B. Umsatz über drei Millionen Euro im ersten Quartal)
- über manuelle Messungen
- über das Erledigen von Aufgaben

Das System rechnet die Messungen in Prozentwerte um (basierend auf dem Ziel und dem erreichten Ergebnis - oder der Gesamtzahl und der Zahl der erledigten Aufgaben)</value>
 </row>
 <row id="113" trl="Y">
  <value column="Name" original="Request Setup">Einrichtung Запитn</value>
  <value column="Description" original="Set up the client to process requests">Richten Sie die Запитbearbeitung für einen Mandanten ein</value>
  <value column="Help" original=""/>
 </row>
 <row id="114" trl="Y">
  <value column="Name" original="Requisition Setup">Einrichtung Bedarfsanforderung</value>
  <value column="Description" original=""/>
  <value column="Help" original=""/>
 </row>
 <row id="115" trl="Y">
  <value column="Name" original="Process_Requisition">Process_Requisition</value>
  <value column="Description" original="(Standard Process_Requisition)">(Standardvorgehen Запитn)</value>
  <value column="Help" original=""/>
 </row>
 <row id="116" trl="Y">
  <value column="Name" original="Process_Order">Process_Order</value>
  <value column="Description" original="(Standard Process Order)">(Standardvorgehen Замовлення клієнта)</value>
  <value column="Help" original=""/>
 </row>
 <row id="117" trl="Y">
  <value column="Name" original="Process_Shipment">Process_Shipment</value>
  <value column="Description" original="(Standard Process Shipment)">(Standardvorgehen Lieferschein)</value>
  <value column="Help" original=""/>
 </row>
 <row id="118" trl="Y">
  <value column="Name" original="Process_Invoice">Process_Invoice</value>
  <value column="Description" original="(Standard Process Invoice)">(Standardvorgehen Рахунок-фактура)</value>
  <value column="Help" original=""/>
 </row>
 <row id="119" trl="Y">
  <value column="Name" original="Process_Cash">Process_Cash</value>
  <value column="Description" original="(Standard Process Cash)">(Standardvorgehen Каса)</value>
 </row>
 <row id="120" trl="Y">
  <value column="Name" original="Process_Payment">Process_Payment</value>
  <value column="Description" original="(Standard Process Payment)">(Standardvorgehen Платіж)</value>
  <value column="Help" original=""/>
 </row>
 <row id="121" trl="Y">
  <value column="Name" original="Process_Journal">Process_Journal</value>
  <value column="Description" original="(Standard Process Journal)">(Standardvorgehen Journal)</value>
  <value column="Help" original=""/>
 </row>
 <row id="122" trl="Y">
  <value column="Name" original="Process_JournalBatch">Process_JournalBatch</value>
  <value column="Description" original="(Standard Process Jornal Batch)">(Standardvorgehen Journalsatz)</value>
  <value column="Help" original=""/>
 </row>
 <row id="123" trl="Y">
  <value column="Name" original="Process_RMA">Process_RMA</value>
  <value column="Description" original="(Standard Process_RMA)">(Standardvorgehen RMA)</value>
  <value column="Help" original=""/>
 </row>
 <row id="124" trl="Y">
  <value column="Name" original="Process_InOutConfirm">Process_InOutConfirm</value>
  <value column="Description" original="(Standard Process Confirmation)">(Standardvorgehen Bestätigung Warenbewegung)</value>
  <value column="Help" original=""/>
 </row>
 <row id="125" trl="Y">
  <value column="Name" original="Process_Allocation">Process_Allocation</value>
  <value column="Description" original="(Standard Process Allocation)">(Standardvorgehen Zuordnung)</value>
  <value column="Help" original=""/>
 </row>
 <row id="126" trl="Y">
  <value column="Name" original="Process_TimeExpense">Process_TimeExpense</value>
  <value column="Description" original="(Standard Process Time Expense)">(Standardvorgehen Zeit/Spesen)</value>
  <value column="Help" original=""/>
 </row>
 <row id="127" trl="Y">
  <value column="Name" original="Process_Inventory">Process_Inventory</value>
  <value column="Description" original="(Standard Process Inventory)">(Standardvorgehen Bestand)</value>
  <value column="Help" original=""/>
 </row>
 <row id="128" trl="Y">
  <value column="Name" original="Process_Movement">Process_Movement</value>
  <value column="Description" original="(Standard Process Movement)">(Standardvorgehen Ein-/Auslagerung)</value>
  <value column="Help" original=""/>
 </row>
 <row id="129" trl="Y">
  <value column="Name" original="Process_MovementConfirm">Process_MovementConfirm</value>
  <value column="Description" original="(Standard Process Movement Confirmation)">(Standardvorgehen Bestätigung Warenbewegung)</value>
  <value column="Help" original=""/>
 </row>
 <row id="130" trl="Y">
  <value column="Name" original="Process_БанкStatement">Process_БанкStatement</value>
  <value column="Description" original="(Standard Process Bank Statement)">(Standardvorgehen Kontoauszug)</value>
  <value column="Help" original=""/>
 </row>
 <row id="131" trl="Y">
  <value column="Name" original="Business Партнер Approval">Genehmigung Контрагент</value>
  <value column="Description" original="Example Document based workflow">Beispiel Документbasierter Робочий процес</value>
  <value column="Help" original="When a new Business Partner is created, it is forwarded for review and credit check.">When a new Business Партнер is created, it is forwarded for review and credit check.</value>
 </row>
 <row id="50000" trl="Y">
  <value column="Name" original="Manufacturing Management Setup">Einrichtung Товарionsplanung</value>
  <value column="Description" original="Setup Manufacturing Management">Einrichtung Товарionsplanung</value>
 </row>
 <row id="50001" trl="Y">
  <value column="Name" original="Manufacturing Workflow Setup">Einrichtung Fertigungs-Робочий процес</value>
  <value column="Description" original="Setup Manufacturing Workflow">Einrichtung Fertigungs-Робочий процес</value>
 </row>
 <row id="50002" trl="Y">
  <value column="Name" original="Bill of Material &amp; Formula Setup"><![CDATA[Einrichtung Stückliste & Formel]]></value>
  <value column="Description" original="Setup Bill of Material &amp; Formula"><![CDATA[Stückliste & Formel einrichten]]></value>
 </row>
 <row id="50003" trl="Y">
  <value column="Name" original="Planning Management Setup">Einrichtung Planungsmanagement</value>
  <value column="Description" original="Setup Planning Management">Einrichtung Planungsmanagement</value>
 </row>
 <row id="50004" trl="Y">
  <value column="Name" original="Material Requirement Planning Setup">Einrichtung Materialbedarfsplanung (MBP)</value>
  <value column="Description" original="MRP is a set of techniques which uses Bills of Material, Inventory Data, and the Master Production Schedule to calculate requirements for materials.">Die MBP kalkuliert den Materialbedarf anhand von Stücklisten, Bestandsdaten und mit Hilfe des Masterproduktionsplans.</value>
 </row>
 <row id="50005" trl="Y">
  <value column="Name" original="Capacity Requirement Planning Setup">Einrichtung Kapazitätsplanung (KP) </value>
  <value column="Description" original="The process of Capacity Plan Calculation allows us to know the available time in each manufacturing resource, as well as the required time to satisfy the Master Production Schedule.">Mit der Kapazitätsplanung (KP) kann sowohl die verfügbare Zeit jeder Товарionsressource, als auch die erforderliche Zeit für die Erfüllung des Masterproduktionsplans ermittelt werden.</value>
 </row>
 <row id="50006" trl="Y">
  <value column="Name" original="Distribution Resource Planning Setup">Einrichtung Einsatzplan Distribution (EPD)</value>
  <value column="Description" original="is a method used in business administration for planning orders within a supply chain. DRP enables the user to set certain inventory control parameters (like a safety stock) and calculate the time-phased inventory requirements.">Die EPD ist eine BWL-Methode zur Замовлення клієнтаsplanung innerhalb einer Lieferkette. Mit der EPD können bestimmte Parameter der Bestandskontrolle gesetzt werden, wie z. B. ein Mindestbestand, so dass der Bestandsbedarf nach Zeitphasen berechnet werden kann.</value>
 </row>
 <row id="50007" trl="Y">
  <value column="Name" original="Discrete Manufacturing Setup">Einrichtung Diskrete Fertigung</value>
  <value column="Description" original="Once the production planning process is completed, the production control process let us to check the execution activities in order to be sure we can reach the material plan.">Nach Abschluss der Товарionsplanung, können die Aktivitäten mittels des Товарionskontrollprozesses überprüft werden, um die Einhaltung des Materialplans sicherzustellen.</value>
 </row>
 <row id="50008" trl="Y">
  <value column="Name" original="Process_Manufacturing_Order">Process_Manufacturing_Order</value>
  <value column="Description" original="(Standard Process Manufacturing Order)">(Standardprozess Arbeitsauftrag)</value>
 </row>
 <row id="50009" trl="Y">
  <value column="Name" original="Process_CostCollector">Process_CostCollector</value>
  <value column="Description" original="(Standard Process Manufacturing Cost Collector)">(Standardprozess Herstellungskostensammler)</value>
 </row>
 <row id="50010" trl="Y">
  <value column="Name" original="Distribution Management Setup">Einrichtung Distributionsmanagement</value>
  <value column="Description" original="Setup Distribution Management">Einrichtung Distributionsmanagement</value>
 </row>
 <row id="50011" trl="Y">
  <value column="Name" original="Process_Distribution_Order">Process_Distribution_Order</value>
  <value column="Description" original="(Standard Process Distribution Order)">(Standardprozess Distributionsauftrag)</value>
 </row>
 <row id="50012" trl="Y">
  <value column="Name" original="Setup Replication">Einrichtung Replikation</value>
  <value column="Description" original="Setup of data replication">Einrichtung Datenreplikation</value>
  <value column="Help" original="Data Replication allows you to synchronize data of remote instances with a central office.  All actions are initialized from the central office.&lt;p&gt;&#10;&lt;b&gt;Central System:&lt;/b&gt;&lt;br&gt;&#10;- setup system with all organizations, roles, etc.&lt;br&gt;&#10;- run the migration to make sure that it is up-to-date&lt;br&gt;&#10;- export the central system&lt;br&gt;&#10;&lt;p&gt;&#10;&lt;b&gt;Remote System:&lt;/b&gt;&#10;- install the exact version as Central System&lt;br&gt;&#10;- import data from Central System in the remote locations&lt;br&gt;&#10;&lt;p&gt;&#10;&lt;b&gt;Central System:&lt;/b&gt;&#10;- Replication Strategy&lt;br&gt;&#10;- Define Export Format&lt;br&gt;&#10;- Config Export Processor&lt;br&gt;&#10;- Start JMS Server&lt;br&gt;&#10;&lt;p&gt;&#10;** Enter Transactions **&#10;&lt;p&gt;&#10;&lt;b&gt;Remote System:&lt;/b&gt;&lt;br&gt;&#10;- Config Import Processor&lt;br&gt;" xml:space="preserve"><![CDATA[
Datenreplikation ermöglicht die Синхронізація der Daten von entfernt liegenden Einheiten mit dem zentralen Büro. Alle Aktionen werden vom zentralen Büro aus eingeleitet.<p>
<b>Das zentrale System:</b><br>
- richten Sie das System mit allen Організаціяen, Рольn etc. ein.<br>
- lassen Sie die Migration laufen, um sicherzustellen, dass es auf dem aktuellen Stand ist<br>
- exportieren Sie das zentrale System<br>
<p>
<b>das entfernte System:</b>
- installieren Sie exakt die Version des zentralen Systems<br>
- importieren Sie die Daten des zentralen Systems in der entfernten System<br>
<p>
<b>Im zentralen System:</b>
- Replikationsstrategie<br>
- Експортformat festlegen<br>
- Експортprozessor konfigurieren<br>
- JMS-Server starten<br>
<p>
** Geben Sie Transaktionen ein **
<p>
<b>auf dem entfernte System:</b><br>
- konfigurieren Sie den Імпортprozessor<br>]]></value>
 </row>
 <row id="50013" trl="Y">
  <value column="Name" original="Process_Payroll">Process_Payroll</value>
  <value column="Description" original="(Standard Process Payroll)">(Standardvorgehen Lohn- und Gehaltsabrechnung)</value>
 </row>
 <row id="50014" trl="Y">
  <value column="Name" original="Setup Human Resource &amp; Payroll"><![CDATA[Einrichtung Personal & Lohn und Gehalt]]></value>
  <value column="Description" original="Setup Human Resource &amp; Payroll"><![CDATA[Einrichtung Personal & Lohn und Gehalt]]></value>
 </row>
 <row id="50015" trl="Y">
  <value column="Name" original="Patio Chair">Terassenstuhl</value>
  <value column="Description" original="Routing for Assembly the Patio Chair">Die Податокung für die Montage des Gartenstuhls</value>
  <value column="Help" original=""/>
 </row>
 <row id="50016" trl="Y">
  <value column="Name" original="Lawn Fertilizer">Rasendünger</value>
  <value column="Description" original=""/>
  <value column="Help" original=""/>
 </row>
 <row id="50017" trl="Y">
  <value column="Name" original="Fertilizer Packing Process">Dünger Verpackungsprozess</value>
  <value column="Description" original="Production Line to Packing the Fertilizer Bag 50 and 70 kg ">Товарionsposition zur Verpackung des Düngers in Säcke à 50 und 70 kg.</value>
  <value column="Help" original=""/>
 </row>
 <row id="50018" trl="Y">
  <value column="Name" original="Patio Furniture Set">Gartensitzgruppe</value>
  <value column="Description" original=""/>
  <value column="Help" original=""/>
 </row>
 <row id="50020" trl="Y">
  <value column="Name" original="Process_Asset_Adition">Prozess Anlagegut anlegen</value>
  <value column="Description" original=""/>
  <value column="Help" original=""/>
 </row>
 <row id="50021" trl="Y">
  <value column="Name" original="Process_Asset_Disposed">Prozess Anlagegut entsorgt</value>
  <value column="Description" original=""/>
  <value column="Help" original=""/>
 </row>
 <row id="50022" trl="Y">
  <value column="Name" original="Process_Asset_Transfer">Prozess Anlagegut übertragen</value>
  <value column="Description" original=""/>
  <value column="Help" original=""/>
 </row>
 <row id="50023" trl="Y">
  <value column="Name" original="Process_Asset_Reval">Prozess Anlagegut neubewerten</value>
  <value column="Description" original=""/>
  <value column="Help" original=""/>
 </row>
 <row id="50024" trl="Y">
  <value column="Name" original="Process Asset Depreciation Entry">Prozess Anlagegut Abschreibungseintrag</value>
  <value column="Description" original=""/>
  <value column="Help" original=""/>
 </row>
 <row id="200002" trl="Y">
  <value column="Name" original="Process_Production">Prozess Товарion</value>
  <value column="Description" original=""/>
  <value column="Help" original=""/>
 </row>
</idempiereTrl>
