<?xml version="1.0" encoding="UTF-8" standalone="no"?>
<!--iDempiere(r) Release 1.0a_2012-10-31 -Smart Suite ERP, CRM and SCM- (c) 1999-2012 iDempiere(r); Implementation: iDempiere - Supported by iDempiere community-->
<!--<!DOCTYPE idempiereTrl PUBLIC "-//ComPiere, Inc.//DTD iDempiere Translation 1.0//EN" "http://www.idempiere.com/dtd/idempiereTrl.dtd">-->
<idempiereTrl language="uk_UA" table="C_Tax">
 <row id="104" trl="Y">
  <value column="Name" original="Standard">Standard</value>
  <value column="Description" original=""/>
  <value column="TaxIndicator" original=""/>
 </row>
 <row id="105" trl="Y">
  <value column="Name" original="CT Sales">CT Sales</value>
  <value column="Description" original=""/>
  <value column="TaxIndicator" original="6%CT">6%CT</value>
 </row>
 <row id="106" trl="Y">
  <value column="Name" original="GST">GST</value>
  <value column="Description" original="Canadian Federal Sales Tax">Canadian Federal Sales Tax</value>
  <value column="TaxIndicator" original="GST">GST</value>
 </row>
 <row id="107" trl="Y">
  <value column="Name" original="PST">PST</value>
  <value column="Description" original="Canadian Provintial Tax">Canadian Provintial Tax</value>
  <value column="TaxIndicator" original="PST">PST</value>
 </row>
 <row id="108" trl="Y">
  <value column="Name" original="GST/PST">GST/PST</value>
  <value column="Description" original="Canadian Federal &amp; State Tax"><![CDATA[Canadian Federal & State Tax]]></value>
  <value column="TaxIndicator" original="Tax">Податок</value>
 </row>
 <row id="109" trl="Y">
  <value column="Name" original="Exempt">Befreit</value>
  <value column="Description" original="Used when Business Partners are exempt from tax">Wird verwendet, wenn Контрагент steuerbefreit sind</value>
  <value column="TaxIndicator" original=""/>
 </row>
</idempiereTrl>
