<?xml version="1.0" encoding="UTF-8" standalone="no"?>
<!--iDempiere(r) Release 1.0a_2012-10-31 -Smart Suite ERP, CRM and SCM- (c) 1999-2012 iDempiere(r); Implementation: iDempiere - Supported by iDempiere community-->
<!--<!DOCTYPE idempiereTrl PUBLIC "-//ComPiere, Inc.//DTD iDempiere Translation 1.0//EN" "http://www.idempiere.com/dtd/idempiereTrl.dtd">-->
<idempiereTrl language="uk_UA" table="C_UOM">
 <row id="100" trl="Y">
  <value column="Name" original="Each">Stück</value>
  <value column="Description" original=""/>
  <value column="UOMSymbol" original="Ea ">Stk</value>
 </row>
 <row id="101" trl="Y">
  <value column="Name" original="Hour">Stunde</value>
  <value column="Description" original=""/>
  <value column="UOMSymbol" original="h  ">Std</value>
 </row>
 <row id="102" trl="Y">
  <value column="Name" original="Day">Tag</value>
  <value column="Description" original=""/>
  <value column="UOMSymbol" original="d  ">Tg</value>
 </row>
 <row id="103" trl="Y">
  <value column="Name" original="Minutes">Minute</value>
  <value column="Description" original="(lowest unit for resorce assigments)">(kleinste Einheit für die Ресурсиzuordnung)</value>
  <value column="UOMSymbol" original="m  ">Min</value>
 </row>
 <row id="104" trl="Y">
  <value column="Name" original="Work Day">Arbeitstag</value>
  <value column="Description" original="8 hour">8 Stunden</value>
  <value column="UOMSymbol" original="D  ">T</value>
 </row>
 <row id="105" trl="Y">
  <value column="Name" original="Week">Woche</value>
  <value column="Description" original=""/>
  <value column="UOMSymbol" original="w  ">W</value>
 </row>
 <row id="106" trl="Y">
  <value column="Name" original="Month">Monat</value>
  <value column="Description" original="30 days">30 Tage</value>
  <value column="UOMSymbol" original="m  ">Min</value>
 </row>
 <row id="107" trl="Y">
  <value column="Name" original="Working Month">Arbeitsmonat</value>
  <value column="Description" original="20 days">20 Tage</value>
  <value column="UOMSymbol" original="M  ">M</value>
 </row>
 <row id="108" trl="Y">
  <value column="Name" original="Year">Jahr</value>
  <value column="Description" original=""/>
  <value column="UOMSymbol" original="y  ">J</value>
 </row>
 <row id="109" trl="Y">
  <value column="Name" original="6-Pack">6er-Pack</value>
  <value column="Description" original=""/>
  <value column="UOMSymbol" original="6Pk">6Pk</value>
 </row>
 <row id="50000" trl="Y">
  <value column="Name" original="Mililiter">Milliliter</value>
  <value column="Description" original=""/>
  <value column="UOMSymbol" original="ml">ml</value>
 </row>
 <row id="50001" trl="Y">
  <value column="Name" original="kilogram">Kilogramm</value>
  <value column="Description" original=""/>
  <value column="UOMSymbol" original="Kg">kg</value>
 </row>
 <row id="50002" trl="Y">
  <value column="Name" original="milligram">Milligramm</value>
  <value column="Description" original=""/>
  <value column="UOMSymbol" original="mg">mg</value>
 </row>
 <row id="50003" trl="Y">
  <value column="Name" original="litre">Liter</value>
  <value column="Description" original=""/>
  <value column="UOMSymbol" original="L">L</value>
 </row>
</idempiereTrl>
