﻿<?xml version="1.0" encoding="UTF-8" standalone="no"?>
<!--iDempiere(r) Release 8.2_2020-12-20 -Smart Suite ERP, CRM and SCM- (c) 1999-2021 iDempiere(r); Implementation: iDempiere - Supported by iDempiere community--><!--<!DOCTYPE idempiereTrl PUBLIC "-//ComPiere, Inc.//DTD iDempiere Translation 1.0//EN" "http://www.idempiere.com/dtd/idempiereTrl.dtd">--><idempiereTrl language="uk_UA" table="PA_DashboardContent">
 <row id="50000" trl="Y">
  <value column="Name" original="Activities">Aktivitäten</value>
  <value column="Description" original="Workflow activities, notices and requests">Робочий процес-Aktivitäten, Hinweise und Запитn</value>
 </row>
 <row id="50001" trl="Y">
  <value column="Name" original="Favourites">Favoriten</value>
  <value column="Description" original="User favourities">Eigene Favoriten</value>
  <value column="HTML" original=""/>
 </row>
 <row id="50002" trl="Y">
  <value column="Name" original="Views">Ansichten</value>
  <value column="Description" original="Info views">Info Ansichten</value>
  <value column="HTML" original=""/>
 </row>
 <row id="50003" trl="Y">
  <value column="Name" original="Performance">Leistung</value>
  <value column="Description" original="Performance meters">Leistungsindikatoren</value>
  <value column="HTML" original=""/>
 </row>
 <row id="50004" trl="Y">
  <value column="Name" original="Calendar">Календар</value>
  <value column="Description" original="Request Calendar">Запитkalender</value>
 </row>
 <row id="200000" trl="Y">
  <value column="Name" original="Recent Items">Zuletzt verwendet</value>
  <value column="Description" original="Recent items">Zuletzt verwendet</value>
  <value column="HTML" original=""/>
 </row>
 <row id="200002" trl="Y">
  <value column="Name" original="Running Jobs">Laufende Jobs</value>
  <value column="Description" original="Running Jobs">Laufende Jobs</value>
  <value column="HTML" original=""/>
 </row>
 <row id="200003" trl="Y">
  <value column="Name" original="Activities">Aktivitäten</value>
  <value column="Description" original=""/>
  <value column="HTML" original=""/>
 </row>
</idempiereTrl>
