<?xml version="1.0" encoding="UTF-8" standalone="no"?>
<!--iDempiere(r) Release 1.0a_2012-10-31 -Smart Suite ERP, CRM and SCM- (c) 1999-2012 iDempiere(r); Implementation: iDempiere - Supported by iDempiere community-->
<!--<!DOCTYPE idempiereTrl PUBLIC "-//ComPiere, Inc.//DTD iDempiere Translation 1.0//EN" "http://www.idempiere.com/dtd/idempiereTrl.dtd">-->
<idempiereTrl language="uk_UA" table="PP_Order_BOMLine">
 <row id="50000" trl="Y">
  <value column="Description" original=""/>
  <value column="Help" original=""/>
 </row>
 <row id="50001" trl="Y">
  <value column="Description" original=""/>
  <value column="Help" original=""/>
 </row>
 <row id="50002" trl="Y">
  <value column="Description" original=""/>
  <value column="Help" original=""/>
 </row>
 <row id="50003" trl="Y">
  <value column="Description" original=""/>
  <value column="Help" original=""/>
 </row>
</idempiereTrl>
